Country,GDP_share,Population,gold,silver,bronze,total,Number of Athletes,Year
Afghanistan,0.0,12486631.0,0,0,0,0,11,1980-01-01
Afghanistan,0.0,10243686.0,0,0,0,0,0,1984-01-01
Afghanistan,0.0,10383460.0,0,0,0,0,5,1988-01-01
Afghanistan,0.0,12057433.0,0,0,0,0,0,1992-01-01
Afghanistan,0.0,17106595.0,0,0,0,0,2,1996-01-01
Afghanistan,0.0,19542982.0,0,0,0,0,0,2000-01-01
Afghanistan,0.035,23553551.0,0,0,0,0,5,2004-01-01
Afghanistan,0.041,26427199.0,0,0,1,1,4,2008-01-01
Afghanistan,0.059,30466479.0,0,0,1,1,6,2012-01-01
Afghanistan,0.06,34636207.0,0,0,0,0,6,2016-01-01
Afghanistan,0.06,38972230.0,0,0,0,0,5,2020-01-01
Albania,0.043,2671997.0,0,0,0,0,0,1980-01-01
Albania,0.044,2904429.0,0,0,0,0,0,1984-01-01
Albania,0.038,3142336.0,0,0,0,0,0,1988-01-01
Albania,0.021,3247039.0,0,0,0,0,7,1992-01-01
Albania,0.026,3168033.0,0,0,0,0,7,1996-01-01
Albania,0.026,3089027.0,0,0,0,0,4,2000-01-01
Albania,0.029,3026939.0,0,0,0,0,7,2004-01-01
Albania,0.031,2947314.0,0,0,0,0,11,2008-01-01
Albania,0.03,2900401.0,0,0,0,0,12,2012-01-01
Albania,0.03,2876101.0,0,0,0,0,6,2016-01-01
Albania,0.03,2837849.0,0,0,0,0,9,2020-01-01
Algeria,0.726,18739378.0,0,0,0,0,54,1980-01-01
Algeria,0.807,21393530.0,0,0,2,2,33,1984-01-01
Algeria,0.713,24243018.0,0,0,0,0,42,1988-01-01
Algeria,0.616,26748303.0,1,0,1,2,35,1992-01-01
Algeria,0.57,28984634.0,2,0,1,3,45,1996-01-01
Algeria,0.559,30774621.0,1,1,3,5,47,2000-01-01
Algeria,0.586,32510186.0,0,0,0,0,61,2004-01-01
Algeria,0.562,34569592.0,0,1,1,2,56,2008-01-01
Algeria,0.535,37260563.0,1,0,0,1,42,2012-01-01
Algeria,0.457,40339329.0,0,2,0,2,64,2016-01-01
Algeria,0.416,43451666.0,0,0,0,0,44,2020-01-01
Andorra,0.0,35611.0,0,0,0,0,2,1980-01-01
Andorra,0.0,42181.0,0,0,0,0,2,1984-01-01
Andorra,0.0,49654.0,0,0,0,0,3,1988-01-01
Andorra,0.0,57283.0,0,0,0,0,8,1992-01-01
Andorra,0.0,64147.0,0,0,0,0,8,1996-01-01
Andorra,0.004,66097.0,0,0,0,0,5,2000-01-01
Andorra,0.005,76933.0,0,0,0,0,6,2004-01-01
Andorra,0.004,76055.0,0,0,0,0,5,2008-01-01
Andorra,0.004,71013.0,0,0,0,0,6,2012-01-01
Andorra,0.003,72540.0,0,0,0,0,5,2016-01-01
Andorra,0.003,77700.0,0,0,0,0,2,2020-01-01
Angola,0.081,8330047.0,0,0,0,0,11,1980-01-01
Angola,0.078,9617702.0,0,0,0,0,0,1984-01-01
Angola,0.079,11060261.0,0,0,0,0,24,1988-01-01
Angola,0.078,12632507.0,0,0,0,0,28,1992-01-01
Angola,0.104,14383350.0,0,0,0,0,28,1996-01-01
Angola,0.106,16394062.0,0,0,0,0,30,2000-01-01
Angola,0.124,18771125.0,0,0,0,0,30,2004-01-01
Angola,0.169,21691522.0,0,0,0,0,32,2008-01-01
Angola,0.184,25188292.0,0,0,0,0,34,2012-01-01
Angola,0.176,29154746.0,0,0,0,0,25,2016-01-01
Angola,0.159,33428486.0,0,0,0,0,20,2020-01-01
Antigua and Barbuda,0.002,64889.0,0,0,0,0,0,1980-01-01
Antigua and Barbuda,0.002,65362.0,0,0,0,0,14,1984-01-01
Antigua and Barbuda,0.003,63982.0,0,0,0,0,15,1988-01-01
Antigua and Barbuda,0.002,64659.0,0,0,0,0,13,1992-01-01
Antigua and Barbuda,0.002,69798.0,0,0,0,0,13,1996-01-01
Antigua and Barbuda,0.003,75055.0,0,0,0,0,3,2000-01-01
Antigua and Barbuda,0.002,78941.0,0,0,0,0,5,2004-01-01
Antigua and Barbuda,0.003,83251.0,0,0,0,0,5,2008-01-01
Antigua and Barbuda,0.002,87674.0,0,0,0,0,5,2012-01-01
Antigua and Barbuda,0.002,90564.0,0,0,0,0,9,2016-01-01
Antigua and Barbuda,0.001,92664.0,0,0,0,0,6,2020-01-01
Argentina,1.286,28024803.0,0,0,0,0,0,1980-01-01
Argentina,1.133,29832197.0,0,0,0,0,81,1984-01-01
Argentina,0.977,31690792.0,0,1,1,2,118,1988-01-01
Argentina,0.89,33568285.0,0,0,1,1,84,1992-01-01
Argentina,0.908,35389362.0,0,2,1,3,179,1996-01-01
Argentina,0.842,37070774.0,0,2,2,4,143,2000-01-01
Argentina,0.738,38668796.0,2,0,4,6,152,2004-01-01
Argentina,0.825,40273769.0,2,0,4,6,132,2008-01-01
Argentina,0.812,41733271.0,1,1,2,4,137,2012-01-01
Argentina,0.76,43590368.0,3,1,0,4,213,2016-01-01
Argentina,0.705,45376763.0,0,1,2,3,189,2020-01-01
Armenia,0.0,3135123.0,0,0,0,0,0,1980-01-01
Armenia,0.0,3272102.0,0,0,0,0,0,1984-01-01
Armenia,0.0,3366838.0,0,0,0,0,0,1988-01-01
Armenia,0.017,3574555.0,0,0,0,0,0,1992-01-01
Armenia,0.015,3298898.0,1,1,0,2,32,1996-01-01
Armenia,0.016,3168523.0,0,0,1,1,25,2000-01-01
Armenia,0.022,3065745.0,0,0,0,0,18,2004-01-01
Armenia,0.029,2983421.0,0,1,4,5,25,2008-01-01
Armenia,0.027,2914421.0,0,1,1,2,25,2012-01-01
Armenia,0.027,2865835.0,1,3,0,4,33,2016-01-01
Armenia,0.03,2805608.0,0,2,2,4,17,2020-01-01
Aruba,0.0,62267.0,0,0,0,0,0,1980-01-01
Aruba,0.0,64174.0,0,0,0,0,0,1984-01-01
Aruba,0.005,64332.0,0,0,0,0,8,1988-01-01
Aruba,0.005,70192.0,0,0,0,0,5,1992-01-01
Aruba,0.005,79417.0,0,0,0,0,3,1996-01-01
Aruba,0.005,89101.0,0,0,0,0,5,2000-01-01
Aruba,0.005,93540.0,0,0,0,0,4,2004-01-01
Aruba,0.005,97996.0,0,0,0,0,2,2008-01-01
Aruba,0.004,102112.0,0,0,0,0,4,2012-01-01
Aruba,0.003,104874.0,0,0,0,0,9,2016-01-01
Aruba,0.002,106585.0,0,0,0,0,3,2020-01-01
Australia,1.157,14692000.0,2,2,5,9,120,1980-01-01
Australia,1.164,15579391.0,4,8,12,24,242,1984-01-01
Australia,1.183,16532164.0,3,6,5,14,252,1988-01-01
Australia,1.04,17478635.0,7,9,11,27,279,1992-01-01
Australia,1.073,18224767.0,9,9,23,41,417,1996-01-01
Australia,1.092,19028802.0,16,25,17,58,617,2000-01-01
Australia,1.085,19932722.0,17,16,17,50,470,2004-01-01
Australia,1.028,21249199.0,14,15,17,46,433,2008-01-01
Australia,0.975,22733465.0,8,15,12,35,410,2012-01-01
Australia,1.006,24190907.0,8,11,10,29,421,2016-01-01
Australia,0.994,25649248.0,17,7,22,46,478,2020-01-01
Austria,0.631,7549433.0,1,2,1,4,83,1980-01-01
Austria,0.605,7561434.0,1,1,1,3,103,1984-01-01
Austria,0.559,7585317.0,1,0,0,1,73,1988-01-01
Austria,0.521,7840709.0,0,2,0,2,102,1992-01-01
Austria,0.499,7959017.0,0,1,2,3,72,1996-01-01
Austria,0.487,8011566.0,2,1,0,3,92,2000-01-01
Austria,0.451,8171966.0,2,4,1,7,74,2004-01-01
Austria,0.42,8321496.0,0,1,2,3,70,2008-01-01
Austria,0.388,8429991.0,0,0,0,0,70,2012-01-01
Austria,0.395,8736668.0,0,0,1,1,71,2016-01-01
Austria,0.367,8916864.0,1,1,5,7,60,2020-01-01
Azerbaijan,0.0,6160500.0,0,0,0,0,0,1980-01-01
Azerbaijan,0.0,6567850.0,0,0,0,0,0,1984-01-01
Azerbaijan,0.0,6974600.0,0,0,0,0,0,1988-01-01
Azerbaijan,0.098,7382050.0,0,0,0,0,0,1992-01-01
Azerbaijan,0.048,7763000.0,0,1,0,1,23,1996-01-01
Azerbaijan,0.056,8048600.0,2,0,1,3,31,2000-01-01
Azerbaijan,0.068,8306500.0,1,0,4,5,36,2004-01-01
Azerbaijan,0.134,8763400.0,1,1,4,6,44,2008-01-01
Azerbaijan,0.147,9295784.0,2,2,5,9,53,2012-01-01
Azerbaijan,0.12,9757812.0,1,7,10,18,56,2016-01-01
Azerbaijan,0.109,10093121.0,0,3,4,7,44,2020-01-01
Bahrain,0.055,362595.0,0,0,0,0,0,1980-01-01
Bahrain,0.061,419217.0,0,0,0,0,10,1984-01-01
Bahrain,0.054,483337.0,0,0,0,0,7,1988-01-01
Bahrain,0.051,554470.0,0,0,0,0,10,1992-01-01
Bahrain,0.053,632756.0,0,0,0,0,5,1996-01-01
Bahrain,0.055,711442.0,0,0,0,0,4,2000-01-01
Bahrain,0.058,833451.0,0,0,0,0,10,2004-01-01
Bahrain,0.063,1110343.0,0,0,0,0,14,2008-01-01
Bahrain,0.065,1224939.0,1,0,0,1,12,2012-01-01
Bahrain,0.055,1409661.0,1,1,0,2,35,2016-01-01
Bahrain,0.056,1477469.0,0,1,0,1,32,2020-01-01
Bangladesh,0.376,83929765.0,0,0,0,0,0,1980-01-01
Bangladesh,0.407,93534239.0,0,0,0,0,1,1984-01-01
Bangladesh,0.398,102688833.0,0,0,0,0,6,1988-01-01
Bangladesh,0.387,111272102.0,0,0,0,0,6,1992-01-01
Bangladesh,0.409,119876868.0,0,0,0,0,4,1996-01-01
Bangladesh,0.428,129193327.0,0,0,0,0,5,2000-01-01
Bangladesh,0.449,138789725.0,0,0,0,0,4,2004-01-01
Bangladesh,0.482,145421318.0,0,0,0,0,5,2008-01-01
Bangladesh,0.562,152090649.0,0,0,0,0,5,2012-01-01
Bangladesh,0.663,159784568.0,0,0,0,0,7,2016-01-01
Bangladesh,0.787,167420951.0,0,0,0,0,6,2020-01-01
Barbados,0.011,253575.0,0,0,0,0,0,1980-01-01
Barbados,0.01,257279.0,0,0,0,0,16,1984-01-01
Barbados,0.01,258762.0,0,0,0,0,17,1988-01-01
Barbados,0.007,260212.0,0,0,0,0,17,1992-01-01
Barbados,0.007,262793.0,0,0,0,0,13,1996-01-01
Barbados,0.007,264657.0,0,0,1,1,18,2000-01-01
Barbados,0.006,268505.0,0,0,0,0,10,2004-01-01
Barbados,0.006,272635.0,0,0,0,0,8,2008-01-01
Barbados,0.004,276197.0,0,0,0,0,6,2012-01-01
Barbados,0.004,278649.0,0,0,0,0,12,2016-01-01
Barbados,0.003,280693.0,0,0,0,0,8,2020-01-01
Belarus,0.0,9643000.0,0,0,0,0,0,1980-01-01
Belarus,0.0,9910000.0,0,0,0,0,0,1984-01-01
Belarus,0.0,10140000.0,0,0,0,0,0,1988-01-01
Belarus,0.152,10216470.0,0,0,0,0,0,1992-01-01
Belarus,0.1,10159569.0,1,6,8,15,157,1996-01-01
Belarus,0.114,9979610.0,3,3,11,17,139,2000-01-01
Belarus,0.13,9730146.0,2,5,6,13,151,2004-01-01
Belarus,0.157,9527985.0,3,4,7,14,177,2008-01-01
Belarus,0.169,9446836.0,2,5,3,10,165,2012-01-01
Belarus,0.145,9469379.0,1,4,4,9,121,2016-01-01
Belarus,0.142,9379952.0,1,3,3,7,101,2020-01-01
Belgium,0.791,9859242.0,1,0,0,1,59,1980-01-01
Belgium,0.744,9855372.0,1,1,2,4,63,1984-01-01
Belgium,0.71,9901664.0,0,0,2,2,59,1988-01-01
Belgium,0.638,10045158.0,0,1,2,3,68,1992-01-01
Belgium,0.599,10156637.0,2,2,2,6,61,1996-01-01
Belgium,0.587,10251250.0,0,2,3,5,68,2000-01-01
Belgium,0.547,10421137.0,1,0,2,3,50,2004-01-01
Belgium,0.501,10709973.0,2,0,0,2,94,2008-01-01
Belgium,0.465,11106932.0,0,1,2,3,115,2012-01-01
Belgium,0.473,11331422.0,2,2,2,6,108,2016-01-01
Belgium,0.448,11538604.0,3,1,3,7,121,2020-01-01
Belize,0.002,145133.0,0,0,0,0,0,1980-01-01
Belize,0.002,159721.0,0,0,0,0,11,1984-01-01
Belize,0.003,174817.0,0,0,0,0,10,1988-01-01
Belize,0.003,190299.0,0,0,0,0,10,1992-01-01
Belize,0.003,209840.0,0,0,0,0,5,1996-01-01
Belize,0.004,240406.0,0,0,0,0,2,2000-01-01
Belize,0.004,272128.0,0,0,0,0,2,2004-01-01
Belize,0.004,305671.0,0,0,0,0,4,2008-01-01
Belize,0.003,337059.0,0,0,0,0,3,2012-01-01
Belize,0.003,367313.0,0,0,0,0,3,2016-01-01
Belize,0.002,394921.0,0,0,0,0,3,2020-01-01
Benin,0.027,3833939.0,0,0,0,0,16,1980-01-01
Benin,0.025,4293070.0,0,0,0,0,3,1984-01-01
Benin,0.023,4831624.0,0,0,0,0,7,1988-01-01
Benin,0.021,5457778.0,0,0,0,0,6,1992-01-01
Benin,0.023,6203860.0,0,0,0,0,5,1996-01-01
Benin,0.024,6998023.0,0,0,0,0,4,2000-01-01
Benin,0.025,7894554.0,0,0,0,0,4,2004-01-01
Benin,0.024,8906469.0,0,0,0,0,5,2008-01-01
Benin,0.024,10014078.0,0,0,0,0,5,2012-01-01
Benin,0.028,11260085.0,0,0,0,0,6,2016-01-01
Benin,0.032,12643123.0,0,0,0,0,7,2020-01-01
Bhutan,0.002,415257.0,0,0,0,0,0,1980-01-01
Bhutan,0.002,470165.0,0,0,0,0,6,1984-01-01
Bhutan,0.003,529051.0,0,0,0,0,3,1988-01-01
Bhutan,0.003,545944.0,0,0,0,0,6,1992-01-01
Bhutan,0.003,537494.0,0,0,0,0,2,1996-01-01
Bhutan,0.003,587207.0,0,0,0,0,2,2000-01-01
Bhutan,0.004,649991.0,0,0,0,0,2,2004-01-01
Bhutan,0.005,689737.0,0,0,0,0,2,2008-01-01
Bhutan,0.006,721145.0,0,0,0,0,2,2012-01-01
Bhutan,0.007,749761.0,0,0,0,0,2,2016-01-01
Bhutan,0.007,772506.0,0,0,0,0,4,2020-01-01
Bolivia,0.08,5736088.0,0,0,0,0,0,1980-01-01
Bolivia,0.067,6251926.0,0,0,0,0,11,1984-01-01
Bolivia,0.058,6804072.0,0,0,0,0,7,1988-01-01
Bolivia,0.055,7394419.0,0,0,0,0,13,1992-01-01
Bolivia,0.058,7989367.0,0,0,0,0,8,1996-01-01
Bolivia,0.057,8592656.0,0,0,0,0,5,2000-01-01
Bolivia,0.055,9216279.0,0,0,0,0,7,2004-01-01
Bolivia,0.056,9880593.0,0,0,0,0,7,2008-01-01
Bolivia,0.061,10569697.0,0,0,0,0,6,2012-01-01
Bolivia,0.071,11263015.0,0,0,0,0,12,2016-01-01
Bolivia,0.072,11936162.0,0,0,0,0,5,2020-01-01
Bosnia and Herzegovina,0.0,4199820.0,0,0,0,0,0,1980-01-01
Bosnia and Herzegovina,0.0,4349597.0,0,0,0,0,0,1984-01-01
Bosnia and Herzegovina,0.0,4463320.0,0,0,0,0,0,1988-01-01
Bosnia and Herzegovina,0.0,4275730.0,0,0,0,0,10,1992-01-01
Bosnia and Herzegovina,0.028,3907751.0,0,0,0,0,9,1996-01-01
Bosnia and Herzegovina,0.039,4179350.0,0,0,0,0,9,2000-01-01
Bosnia and Herzegovina,0.04,4142860.0,0,0,0,0,9,2004-01-01
Bosnia and Herzegovina,0.041,3943392.0,0,0,0,0,5,2008-01-01
Bosnia and Herzegovina,0.037,3674374.0,0,0,0,0,6,2012-01-01
Bosnia and Herzegovina,0.038,3480986.0,0,0,0,0,11,2016-01-01
Bosnia and Herzegovina,0.038,3318407.0,0,0,0,0,7,2020-01-01
Botswana,0.016,938578.0,0,0,0,0,7,1980-01-01
Botswana,0.021,1099170.0,0,0,0,0,7,1984-01-01
Botswana,0.03,1261272.0,0,0,0,0,8,1988-01-01
Botswana,0.03,1420695.0,0,0,0,0,6,1992-01-01
Botswana,0.03,1582169.0,0,0,0,0,7,1996-01-01
Botswana,0.031,1726985.0,0,0,0,0,7,2000-01-01
Botswana,0.031,1859085.0,0,0,0,0,11,2004-01-01
Botswana,0.032,2007320.0,0,0,0,0,11,2008-01-01
Botswana,0.027,2175425.0,0,1,0,1,4,2012-01-01
Botswana,0.031,2352416.0,0,0,0,0,12,2016-01-01
Botswana,0.027,2546402.0,0,0,1,1,13,2020-01-01
Brazil,4.254,122288383.0,2,0,2,4,106,1980-01-01
Brazil,3.796,133888775.0,1,5,2,8,147,1984-01-01
Brazil,3.936,145253973.0,1,2,3,6,160,1988-01-01
Brazil,3.189,155900790.0,2,1,0,3,182,1992-01-01
Brazil,3.32,166037122.0,3,3,9,15,221,1996-01-01
Brazil,3.115,175873720.0,0,6,6,12,198,2000-01-01
Brazil,3.017,184722043.0,5,2,3,10,243,2004-01-01
Brazil,3.022,192672317.0,3,4,10,17,268,2008-01-01
Brazil,2.971,199977707.0,3,5,9,17,258,2012-01-01
Brazil,2.523,206859578.0,7,6,6,19,465,2016-01-01
Brazil,2.372,213196304.0,7,6,8,21,302,2020-01-01
Bulgaria,0.307,8861535.0,8,16,17,41,271,1980-01-01
Bulgaria,0.332,8960679.0,0,0,0,0,0,1984-01-01
Bulgaria,0.328,8981446.0,10,12,13,35,172,1988-01-01
Bulgaria,0.197,8540164.0,3,7,6,16,138,1992-01-01
Bulgaria,0.154,8362826.0,3,7,5,15,110,1996-01-01
Bulgaria,0.113,8170172.0,5,6,2,13,91,2000-01-01
Bulgaria,0.121,7716860.0,2,1,9,12,95,2004-01-01
Bulgaria,0.131,7492561.0,1,1,3,5,70,2008-01-01
Bulgaria,0.118,7305888.0,0,2,1,3,63,2012-01-01
Bulgaria,0.123,7127822.0,0,1,2,3,51,2016-01-01
Bulgaria,0.123,6934015.0,3,1,2,6,42,2020-01-01
Burkina Faso,0.019,6932967.0,0,0,0,0,0,1980-01-01
Burkina Faso,0.018,7751476.0,0,0,0,0,0,1984-01-01
Burkina Faso,0.02,8663720.0,0,0,0,0,6,1988-01-01
Burkina Faso,0.018,9598555.0,0,0,0,0,4,1992-01-01
Burkina Faso,0.02,10621210.0,0,0,0,0,5,1996-01-01
Burkina Faso,0.021,11882888.0,0,0,0,0,4,2000-01-01
Burkina Faso,0.023,13445977.0,0,0,0,0,5,2004-01-01
Burkina Faso,0.024,15197915.0,0,0,0,0,6,2008-01-01
Burkina Faso,0.027,17113732.0,0,0,0,0,5,2012-01-01
Burkina Faso,0.03,19275498.0,0,0,0,0,5,2016-01-01
Burkina Faso,0.035,21522626.0,0,0,1,1,7,2020-01-01
Burundi,0.01,4312834.0,0,0,0,0,0,1980-01-01
Burundi,0.01,4842268.0,0,0,0,0,0,1984-01-01
Burundi,0.011,5271840.0,0,0,0,0,0,1988-01-01
Burundi,0.01,5743085.0,0,0,0,0,0,1992-01-01
Burundi,0.007,5930507.0,1,0,0,1,7,1996-01-01
Burundi,0.006,6307659.0,0,0,0,0,6,2000-01-01
Burundi,0.006,7120496.0,0,0,0,0,7,2004-01-01
Burundi,0.006,8278109.0,0,0,0,0,3,2008-01-01
Burundi,0.006,9795479.0,0,0,0,0,6,2012-01-01
Burundi,0.007,10903327.0,0,1,0,1,9,2016-01-01
Burundi,0.007,12220227.0,0,0,0,0,6,2020-01-01
Cambodia,0.0,6198959.0,0,0,0,0,0,1980-01-01
Cambodia,0.0,7133899.0,0,0,0,0,0,1984-01-01
Cambodia,0.024,8269780.0,0,0,0,0,0,1988-01-01
Cambodia,0.024,9718215.0,0,0,0,0,0,1992-01-01
Cambodia,0.027,11182612.0,0,0,0,0,5,1996-01-01
Cambodia,0.031,12118841.0,0,0,0,0,4,2000-01-01
Cambodia,0.037,13016371.0,0,0,0,0,4,2004-01-01
Cambodia,0.046,13943888.0,0,0,0,0,4,2008-01-01
Cambodia,0.053,14786640.0,0,0,0,0,6,2012-01-01
Cambodia,0.066,15624584.0,0,0,0,0,6,2016-01-01
Cambodia,0.074,16396860.0,0,0,0,0,3,2020-01-01
Cameroon,0.083,8519891.0,0,0,0,0,25,1980-01-01
Cameroon,0.109,9508570.0,0,0,1,1,46,1984-01-01
Cameroon,0.098,10759573.0,0,0,0,0,15,1988-01-01
Cameroon,0.069,12128604.0,0,0,0,0,8,1992-01-01
Cameroon,0.062,13575324.0,0,0,0,0,15,1996-01-01
Cameroon,0.064,15091594.0,1,0,0,1,34,2000-01-01
Cameroon,0.067,16809407.0,1,0,0,1,17,2004-01-01
Cameroon,0.063,18777081.0,1,0,0,1,32,2008-01-01
Cameroon,0.063,21032684.0,0,0,1,1,33,2012-01-01
Cameroon,0.072,23711630.0,0,0,0,0,24,2016-01-01
Cameroon,0.077,26491087.0,0,0,0,0,12,2020-01-01
Canada,2.152,24515667.0,0,0,0,0,0,1980-01-01
Canada,2.137,25607053.0,10,18,16,44,408,1984-01-01
Canada,2.136,26791747.0,3,2,5,10,328,1988-01-01
Canada,1.763,28371264.0,7,4,7,18,295,1992-01-01
Canada,1.747,29610218.0,3,11,8,22,303,1996-01-01
Canada,1.804,30685730.0,3,3,8,14,294,2000-01-01
Canada,1.722,31938807.0,3,6,3,12,262,2004-01-01
Canada,1.574,33247298.0,3,9,8,20,332,2008-01-01
Canada,1.455,34713395.0,2,6,10,18,277,2012-01-01
Canada,1.441,36110803.0,4,3,15,22,314,2016-01-01
Canada,1.393,38028638.0,7,7,10,24,381,2020-01-01
Central African Republic,0.007,2415276.0,0,0,0,0,0,1980-01-01
Central African Republic,0.008,2523538.0,0,0,0,0,3,1984-01-01
Central African Republic,0.007,2657235.0,0,0,0,0,15,1988-01-01
Central African Republic,0.006,2991727.0,0,0,0,0,15,1992-01-01
Central African Republic,0.006,3363570.0,0,0,0,0,5,1996-01-01
Central African Republic,0.005,3759170.0,0,0,0,0,3,2000-01-01
Central African Republic,0.005,4115138.0,0,0,0,0,4,2004-01-01
Central African Republic,0.005,4467233.0,0,0,0,0,3,2008-01-01
Central African Republic,0.005,4773306.0,0,0,0,0,6,2012-01-01
Central African Republic,0.003,4904177.0,0,0,0,0,6,2016-01-01
Central African Republic,0.004,5343020.0,0,0,0,0,2,2020-01-01
Chad,0.019,4408230.0,0,0,0,0,0,1980-01-01
Chad,0.019,4920556.0,0,0,0,0,3,1984-01-01
Chad,0.021,5483038.0,0,0,0,0,6,1988-01-01
Chad,0.021,6302926.0,0,0,0,0,6,1992-01-01
Chad,0.019,7200291.0,0,0,0,0,4,1996-01-01
Chad,0.018,8259137.0,0,0,0,0,2,2000-01-01
Chad,0.029,9613503.0,0,0,0,0,1,2004-01-01
Chad,0.029,11098664.0,0,0,0,0,2,2008-01-01
Chad,0.029,12754906.0,0,0,0,0,3,2012-01-01
Chad,0.028,14592585.0,0,0,0,0,2,2016-01-01
Chad,0.028,16644701.0,0,0,0,0,3,2020-01-01
Chile,0.289,11469828.0,0,0,0,0,0,1980-01-01
Chile,0.249,12147758.0,0,0,0,0,52,1984-01-01
Chile,0.263,12918389.0,0,1,0,1,17,1988-01-01
Chile,0.295,13782297.0,0,0,0,0,12,1992-01-01
Chile,0.334,14615483.0,0,0,0,0,21,1996-01-01
Chile,0.337,15351799.0,0,0,1,1,50,2000-01-01
Chile,0.348,16017966.0,2,0,1,3,22,2004-01-01
Chile,0.357,16661462.0,0,1,0,1,26,2008-01-01
Chile,0.371,17341771.0,0,0,0,0,35,2012-01-01
Chile,0.353,18083879.0,0,0,0,0,42,2016-01-01
Chile,0.338,19300315.0,0,0,0,0,58,2020-01-01
China,2.258,981235000.0,0,0,0,0,0,1980-01-01
China,3.011,1036825000.0,0,0,0,0,215,1984-01-01
China,3.976,1101630000.0,0,0,0,0,273,1988-01-01
China,4.368,1164970000.0,0,0,0,0,244,1992-01-01
China,6.068,1217550000.0,0,0,0,0,294,1996-01-01
China,7.201,1262645000.0,0,0,0,0,271,2000-01-01
China,8.937,1296075000.0,0,0,0,0,383,2004-01-01
China,11.764,1324655000.0,0,0,0,0,599,2008-01-01
China,14.998,1354190000.0,0,0,0,0,390,2012-01-01
China,16.053,1387790000.0,0,0,0,0,413,2016-01-01
China,18.069,1411100000.0,0,0,0,0,406,2020-01-01
Colombia,0.587,26176195.0,0,0,0,0,23,1980-01-01
Colombia,0.58,28689032.0,0,1,0,1,39,1984-01-01
Colombia,0.597,31256727.0,0,0,1,1,40,1988-01-01
Colombia,0.56,33939039.0,0,0,1,1,49,1992-01-01
Colombia,0.592,36632573.0,0,0,0,0,48,1996-01-01
Colombia,0.523,39215135.0,1,0,0,1,44,2000-01-01
Colombia,0.517,41648268.0,0,0,2,2,53,2004-01-01
Colombia,0.532,43815313.0,0,2,1,3,67,2008-01-01
Colombia,0.549,45782417.0,1,3,5,9,104,2012-01-01
Colombia,0.577,47625955.0,3,2,3,8,147,2016-01-01
Colombia,0.542,50930662.0,0,4,1,5,70,2020-01-01
Comoros,0.002,328328.0,0,0,0,0,0,1980-01-01
Comoros,0.003,365664.0,0,0,0,0,0,1984-01-01
Comoros,0.003,408070.0,0,0,0,0,0,1988-01-01
Comoros,0.002,452990.0,0,0,0,0,0,1992-01-01
Comoros,0.002,494288.0,0,0,0,0,4,1996-01-01
Comoros,0.002,536758.0,0,0,0,0,2,2000-01-01
Comoros,0.002,581154.0,0,0,0,0,3,2004-01-01
Comoros,0.002,629470.0,0,0,0,0,3,2008-01-01
Comoros,0.002,684553.0,0,0,0,0,3,2012-01-01
Comoros,0.002,746232.0,0,0,0,0,4,2016-01-01
Comoros,0.002,806166.0,0,0,0,0,3,2020-01-01
Costa Rica,0.061,2414303.0,0,0,0,0,29,1980-01-01
Costa Rica,0.056,2696200.0,0,0,0,0,28,1984-01-01
Costa Rica,0.056,3001461.0,0,1,0,1,16,1988-01-01
Costa Rica,0.055,3321939.0,0,0,0,0,16,1992-01-01
Costa Rica,0.058,3656234.0,1,0,0,1,11,1996-01-01
Costa Rica,0.061,3979193.0,0,0,2,2,7,2000-01-01
Costa Rica,0.062,4252800.0,0,0,0,0,20,2004-01-01
Costa Rica,0.065,4501921.0,0,0,0,0,8,2008-01-01
Costa Rica,0.067,4736593.0,0,0,0,0,11,2012-01-01
Costa Rica,0.078,4945205.0,0,0,0,0,10,2016-01-01
Costa Rica,0.078,5123105.0,0,0,0,0,14,2020-01-01
Croatia,0.0,4599782.0,0,0,0,0,0,1980-01-01
Croatia,0.0,4680285.0,0,0,0,0,0,1984-01-01
Croatia,0.0,4755207.0,0,0,0,0,0,1988-01-01
Croatia,0.117,4575818.0,0,1,2,3,39,1992-01-01
Croatia,0.114,4557097.0,1,1,0,2,84,1996-01-01
Croatia,0.11,4468302.0,1,0,1,2,88,2000-01-01
Croatia,0.114,4304600.0,1,2,2,5,81,2004-01-01
Croatia,0.112,4309705.0,0,2,3,5,99,2008-01-01
Croatia,0.091,4267558.0,3,1,2,6,108,2012-01-01
Croatia,0.091,4174349.0,5,3,2,10,87,2016-01-01
Croatia,0.086,4047680.0,3,3,2,8,59,2020-01-01
Cyprus,0.022,679327.0,0,0,0,0,14,1980-01-01
Cyprus,0.026,719678.0,0,0,0,0,10,1984-01-01
Cyprus,0.028,766412.0,0,0,0,0,9,1988-01-01
Cyprus,0.029,810431.0,0,0,0,0,17,1992-01-01
Cyprus,0.03,880058.0,0,0,0,0,17,1996-01-01
Cyprus,0.032,948237.0,0,0,0,0,22,2000-01-01
Cyprus,0.032,1018684.0,0,0,0,0,20,2004-01-01
Cyprus,0.032,1092390.0,0,0,0,0,17,2008-01-01
Cyprus,0.027,1156556.0,0,1,0,1,13,2012-01-01
Cyprus,0.026,1197881.0,0,0,0,0,16,2016-01-01
Cyprus,0.028,1237537.0,0,0,0,0,15,2020-01-01
Denmark,0.453,5123027.0,2,1,2,5,58,1980-01-01
Denmark,0.455,5111619.0,0,3,3,6,60,1984-01-01
Denmark,0.428,5129516.0,2,1,1,4,78,1988-01-01
Denmark,0.368,5171370.0,1,1,4,6,110,1992-01-01
Denmark,0.364,5263074.0,4,1,1,6,119,1996-01-01
Denmark,0.354,5339616.0,2,3,1,6,97,2000-01-01
Denmark,0.32,5404523.0,2,1,5,8,92,2004-01-01
Denmark,0.286,5493621.0,2,2,3,7,84,2008-01-01
Denmark,0.248,5591572.0,2,4,3,9,113,2012-01-01
Denmark,0.256,5728010.0,2,6,7,15,122,2016-01-01
Denmark,0.255,5831404.0,3,4,4,11,107,2020-01-01
Djibouti,0.0,324121.0,0,0,0,0,0,1980-01-01
Djibouti,0.0,382156.0,0,0,0,0,3,1984-01-01
Djibouti,0.0,482337.0,0,0,1,1,6,1988-01-01
Djibouti,0.005,623197.0,0,0,0,0,8,1992-01-01
Djibouti,0.004,644649.0,0,0,0,0,5,1996-01-01
Djibouti,0.003,742033.0,0,0,0,0,2,2000-01-01
Djibouti,0.003,818373.0,0,0,0,0,0,2004-01-01
Djibouti,0.003,882886.0,0,0,0,0,2,2008-01-01
Djibouti,0.003,954297.0,0,0,0,0,6,2012-01-01
Djibouti,0.004,1023261.0,0,0,0,0,7,2016-01-01
Djibouti,0.004,1090156.0,0,0,0,0,4,2020-01-01
Dominica,0.001,72978.0,0,0,0,0,6,1980-01-01
Dominica,0.001,71936.0,0,0,0,0,19,1984-01-01
Dominica,0.001,70397.0,0,0,0,0,16,1988-01-01
Dominica,0.001,69112.0,0,0,0,0,32,1992-01-01
Dominica,0.001,69166.0,0,0,0,0,6,1996-01-01
Dominica,0.001,68346.0,0,0,0,0,4,2000-01-01
Dominica,0.001,68574.0,0,0,0,0,2,2004-01-01
Dominica,0.001,68782.0,0,0,0,0,24,2008-01-01
Dominica,0.001,68888.0,0,0,0,0,35,2012-01-01
Dominica,0.001,70075.0,0,0,0,0,29,2016-01-01
Dominica,0.001,71995.0,0,0,0,0,62,2020-01-01
Dominican Republic,0.102,5755800.0,0,0,0,0,6,1980-01-01
Dominican Republic,0.105,6282104.0,0,0,1,1,19,1984-01-01
Dominican Republic,0.103,6834207.0,0,0,0,0,16,1988-01-01
Dominican Republic,0.093,7427340.0,0,0,0,0,32,1992-01-01
Dominican Republic,0.101,8012314.0,0,0,0,0,16,1996-01-01
Dominican Republic,0.113,8540791.0,0,0,0,0,13,2000-01-01
Dominican Republic,0.106,9043127.0,1,0,0,1,33,2004-01-01
Dominican Republic,0.117,9522948.0,1,1,0,2,24,2008-01-01
Dominican Republic,0.117,10030882.0,1,1,0,2,35,2012-01-01
Dominican Republic,0.144,10527592.0,0,0,1,1,29,2016-01-01
Dominican Republic,0.145,10999664.0,0,3,2,5,62,2020-01-01
Ecuador,0.191,8135845.0,0,0,0,0,12,1980-01-01
Ecuador,0.185,9022979.0,0,0,0,0,11,1984-01-01
Ecuador,0.178,9969788.0,0,0,0,0,13,1988-01-01
Ecuador,0.163,10914222.0,0,0,0,0,13,1992-01-01
Ecuador,0.16,11775221.0,1,0,0,1,19,1996-01-01
Ecuador,0.143,12626507.0,0,0,0,0,10,2000-01-01
Ecuador,0.149,13534593.0,0,0,0,0,16,2004-01-01
Ecuador,0.149,14496797.0,0,1,0,1,25,2008-01-01
Ecuador,0.158,15483883.0,0,0,0,0,36,2012-01-01
Ecuador,0.153,16439585.0,0,0,0,0,38,2016-01-01
Ecuador,0.141,17588595.0,2,1,0,3,48,2020-01-01
El Salvador,0.075,4508992.0,0,0,0,0,0,1980-01-01
El Salvador,0.062,4782219.0,0,0,0,0,10,1984-01-01
El Salvador,0.057,5170440.0,0,0,0,0,6,1988-01-01
El Salvador,0.053,5552206.0,0,0,0,0,4,1992-01-01
El Salvador,0.055,5797140.0,0,0,0,0,8,1996-01-01
El Salvador,0.052,5958482.0,0,0,0,0,8,2000-01-01
El Salvador,0.047,6035655.0,0,0,0,0,7,2004-01-01
El Salvador,0.044,6068099.0,0,0,0,0,11,2008-01-01
El Salvador,0.04,6161289.0,0,0,0,0,10,2012-01-01
El Salvador,0.044,6250510.0,0,0,0,0,8,2016-01-01
El Salvador,0.041,6292731.0,0,0,0,0,5,2020-01-01
Equatorial Guinea,0.001,282509.0,0,0,0,0,0,1980-01-01
Equatorial Guinea,0.001,357995.0,0,0,0,0,4,1984-01-01
Equatorial Guinea,0.001,431587.0,0,0,0,0,6,1988-01-01
Equatorial Guinea,0.001,501334.0,0,0,0,0,7,1992-01-01
Equatorial Guinea,0.002,582573.0,0,0,0,0,5,1996-01-01
Equatorial Guinea,0.012,684977.0,0,0,0,0,4,2000-01-01
Equatorial Guinea,0.03,826355.0,0,0,0,0,2,2004-01-01
Equatorial Guinea,0.039,994971.0,0,0,0,0,3,2008-01-01
Equatorial Guinea,0.038,1193636.0,0,0,0,0,2,2012-01-01
Equatorial Guinea,0.021,1398927.0,0,0,0,0,2,2016-01-01
Equatorial Guinea,0.019,1596049.0,0,0,0,0,3,2020-01-01
Eritrea,0.0,1657982.0,0,0,0,0,0,1980-01-01
Eritrea,0.0,1849594.0,0,0,0,0,0,1984-01-01
Eritrea,0.0,2051546.0,0,0,0,0,0,1988-01-01
Eritrea,0.005,1921153.0,0,0,0,0,0,1992-01-01
Eritrea,0.007,2264073.0,0,0,0,0,0,1996-01-01
Eritrea,0.006,2392880.0,0,0,0,0,3,2000-01-01
Eritrea,0.005,2763140.0,0,0,1,1,4,2004-01-01
Eritrea,0.004,3005779.0,0,0,0,0,10,2008-01-01
Eritrea,0.005,3252596.0,0,0,0,0,12,2012-01-01
Eritrea,0.005,3365287.0,0,0,0,0,12,2016-01-01
Eritrea,0.0,3555868.0,0,0,0,0,13,2020-01-01
Estonia,0.0,1477219.0,0,0,0,0,0,1980-01-01
Estonia,0.0,1518617.0,0,0,0,0,0,1984-01-01
Estonia,0.0,1561900.0,0,0,0,0,0,1988-01-01
Estonia,0.0,1533091.0,1,0,1,2,37,1992-01-01
Estonia,0.031,1415594.0,0,0,0,0,43,1996-01-01
Estonia,0.034,1396985.0,1,0,2,3,33,2000-01-01
Estonia,0.038,1362550.0,0,1,2,3,42,2004-01-01
Estonia,0.039,1337090.0,1,1,0,2,47,2008-01-01
Estonia,0.034,1322696.0,0,1,1,2,33,2012-01-01
Estonia,0.035,1315790.0,0,0,1,1,45,2016-01-01
Estonia,0.038,1329522.0,1,0,1,2,33,2020-01-01
Eswatini,0.008,598564.0,0,0,0,0,0,1980-01-01
Eswatini,0.008,677303.0,0,0,0,0,0,1984-01-01
Eswatini,0.009,794434.0,0,0,0,0,0,1988-01-01
Eswatini,0.01,925165.0,0,0,0,0,0,1992-01-01
Eswatini,0.01,973587.0,0,0,0,0,0,1996-01-01
Eswatini,0.009,1030496.0,0,0,0,0,0,2000-01-01
Eswatini,0.009,1065764.0,0,0,0,0,0,2004-01-01
Eswatini,0.009,1089870.0,0,0,0,0,0,2008-01-01
Eswatini,0.009,1111444.0,0,0,0,0,0,2012-01-01
Eswatini,0.008,1142524.0,0,0,0,0,0,2016-01-01
Eswatini,0.008,1180655.0,0,0,0,0,4,2020-01-01
Ethiopia,0.078,34945469.0,2,0,2,4,41,1980-01-01
Ethiopia,0.076,39202890.0,0,0,0,0,0,1984-01-01
Ethiopia,0.073,44511537.0,0,0,0,0,0,1988-01-01
Ethiopia,0.051,52011554.0,1,0,2,3,20,1992-01-01
Ethiopia,0.064,59347649.0,2,0,1,3,18,1996-01-01
Ethiopia,0.063,67031867.0,4,1,3,8,26,2000-01-01
Ethiopia,0.066,75301026.0,2,3,2,7,26,2004-01-01
Ethiopia,0.086,84357105.0,4,2,1,7,27,2008-01-01
Ethiopia,0.111,94451280.0,3,2,3,8,35,2012-01-01
Ethiopia,0.167,105293228.0,1,2,5,8,34,2016-01-01
Ethiopia,0.211,117190911.0,1,1,2,4,38,2020-01-01
Fiji,0.013,644582.0,0,0,0,0,0,1980-01-01
Fiji,0.013,710561.0,0,0,0,0,14,1984-01-01
Fiji,0.011,764370.0,0,0,0,0,23,1988-01-01
Fiji,0.011,786859.0,0,0,0,0,18,1992-01-01
Fiji,0.011,796538.0,0,0,0,0,17,1996-01-01
Fiji,0.01,832509.0,0,0,0,0,7,2000-01-01
Fiji,0.01,866694.0,0,0,0,0,8,2004-01-01
Fiji,0.008,896731.0,0,0,0,0,6,2008-01-01
Fiji,0.008,911059.0,0,0,0,0,9,2012-01-01
Fiji,0.009,918371.0,1,0,0,1,51,2016-01-01
Fiji,0.008,920422.0,1,0,1,2,30,2020-01-01
Finland,0.34,4779535.0,3,1,4,8,105,1980-01-01
Finland,0.344,4881803.0,4,2,6,12,86,1984-01-01
Finland,0.343,4946481.0,1,1,2,4,78,1988-01-01
Finland,0.268,5041992.0,1,2,2,5,88,1992-01-01
Finland,0.265,5124573.0,1,2,1,4,76,1996-01-01
Finland,0.282,5176209.0,2,1,1,4,70,2000-01-01
Finland,0.271,5228172.0,0,2,0,2,53,2004-01-01
Finland,0.257,5313399.0,1,1,2,4,57,2008-01-01
Finland,0.219,5413971.0,0,2,1,3,55,2012-01-01
Finland,0.212,5495303.0,0,0,1,1,56,2016-01-01
Finland,0.207,5529543.0,0,0,2,2,45,2020-01-01
France,4.31,55052582.0,6,5,3,14,121,1980-01-01
France,4.186,56275701.0,5,7,16,28,238,1984-01-01
France,4.023,57472651.0,6,4,6,16,266,1988-01-01
France,3.613,58849943.0,8,5,16,29,339,1992-01-01
France,3.367,59756533.0,15,7,15,37,299,1996-01-01
France,3.308,60921384.0,13,14,11,38,336,2000-01-01
France,3.066,62716306.0,11,9,13,33,308,2004-01-01
France,2.746,64379696.0,7,16,20,43,323,2008-01-01
France,2.451,65662240.0,11,11,13,35,330,2012-01-01
France,2.458,66724104.0,10,18,14,42,399,2016-01-01
France,2.267,67571107.0,10,12,11,33,398,2020-01-01
Gabon,0.049,749078.0,0,0,0,0,0,1980-01-01
Gabon,0.048,833417.0,0,0,0,0,4,1984-01-01
Gabon,0.038,930464.0,0,0,0,0,2,1988-01-01
Gabon,0.038,1037446.0,0,0,0,0,5,1992-01-01
Gabon,0.04,1150601.0,0,0,0,0,7,1996-01-01
Gabon,0.033,1272935.0,0,0,0,0,5,2000-01-01
Gabon,0.031,1417110.0,0,0,0,0,5,2004-01-01
Gabon,0.027,1599978.0,0,0,0,0,4,2008-01-01
Gabon,0.027,1836705.0,0,1,0,1,24,2012-01-01
Gabon,0.025,2086206.0,0,0,0,0,6,2016-01-01
Gabon,0.025,2292573.0,0,0,0,0,5,2020-01-01
Georgia,0.0,4467700.0,0,0,0,0,0,1980-01-01
Georgia,0.0,4622200.0,0,0,0,0,0,1984-01-01
Georgia,0.0,4790700.0,0,0,0,0,0,1988-01-01
Georgia,0.0,4873500.0,0,0,0,0,0,1992-01-01
Georgia,0.024,4491699.0,0,0,2,2,34,1996-01-01
Georgia,0.025,4077131.0,0,0,6,6,36,2000-01-01
Georgia,0.028,3927340.0,2,2,0,4,32,2004-01-01
Georgia,0.033,3848449.0,3,2,2,7,35,2008-01-01
Georgia,0.037,3728874.0,1,2,3,6,35,2012-01-01
Georgia,0.042,3727505.0,2,1,4,7,39,2016-01-01
Georgia,0.042,3722716.0,2,5,1,8,35,2020-01-01
Germany,6.378,78288576.0,0,0,0,0,346,1980-01-01
Germany,6.034,77858685.0,0,0,0,0,391,1984-01-01
Germany,5.717,78144619.0,0,0,0,0,259,1988-01-01
Germany,5.477,80624598.0,33,21,28,82,463,1992-01-01
Germany,5.03,81914831.0,20,18,27,65,465,1996-01-01
Germany,4.722,82211508.0,13,17,26,56,422,2000-01-01
Germany,4.173,82516260.0,13,16,20,49,441,2004-01-01
Germany,3.799,82110097.0,16,11,14,41,463,2008-01-01
Germany,3.455,80425823.0,11,20,13,44,392,2012-01-01
Germany,3.575,82348669.0,17,10,15,42,425,2016-01-01
Germany,3.415,83160871.0,10,11,16,37,425,2020-01-01
Ghana,0.096,11865246.0,0,0,0,0,0,1980-01-01
Ghana,0.079,13342487.0,0,0,0,0,21,1984-01-01
Ghana,0.087,14671677.0,0,0,0,0,16,1988-01-01
Ghana,0.084,16241548.0,0,0,1,1,34,1992-01-01
Ghana,0.088,17844010.0,0,0,0,0,35,1996-01-01
Ghana,0.092,19665502.0,0,0,0,0,22,2000-01-01
Ghana,0.096,21906444.0,0,0,0,0,26,2004-01-01
Ghana,0.102,24326087.0,0,0,0,0,9,2008-01-01
Ghana,0.132,26858762.0,0,0,0,0,9,2012-01-01
Ghana,0.122,29554303.0,0,0,0,0,14,2016-01-01
Ghana,0.134,32180401.0,0,0,1,1,14,2020-01-01
Greece,0.628,9642505.0,1,0,2,3,41,1980-01-01
Greece,0.562,9895801.0,0,1,1,2,63,1984-01-01
Greece,0.508,10036983.0,0,0,1,1,56,1988-01-01
Greece,0.446,10399061.0,2,0,0,2,70,1992-01-01
Greece,0.416,10608800.0,4,4,0,8,121,1996-01-01
Greece,0.417,10805808.0,4,6,3,13,140,2000-01-01
Greece,0.435,10955141.0,6,6,4,16,426,2004-01-01
Greece,0.398,11077841.0,0,2,1,3,152,2008-01-01
Greece,0.273,11045011.0,0,0,2,2,103,2012-01-01
Greece,0.254,10775971.0,3,1,2,6,95,2016-01-01
Greece,0.227,10698599.0,2,1,1,4,83,2020-01-01
Grenada,0.001,94838.0,0,0,0,0,0,1980-01-01
Grenada,0.001,99618.0,0,0,0,0,6,1984-01-01
Grenada,0.002,99877.0,0,0,0,0,6,1988-01-01
Grenada,0.001,101040.0,0,0,0,0,4,1992-01-01
Grenada,0.001,104846.0,0,0,0,0,5,1996-01-01
Grenada,0.002,107432.0,0,0,0,0,3,2000-01-01
Grenada,0.001,109516.0,0,0,0,0,5,2004-01-01
Grenada,0.001,112478.0,0,0,0,0,9,2008-01-01
Grenada,0.001,115912.0,1,0,0,1,10,2012-01-01
Grenada,0.001,119966.0,0,1,0,1,7,2016-01-01
Grenada,0.001,123663.0,0,0,1,1,6,2020-01-01
Guatemala,0.143,6890346.0,0,0,0,0,10,1980-01-01
Guatemala,0.124,7669863.0,0,0,0,0,24,1984-01-01
Guatemala,0.114,8566331.0,0,0,0,0,28,1988-01-01
Guatemala,0.108,9544055.0,0,0,0,0,14,1992-01-01
Guatemala,0.109,10536942.0,0,0,0,0,26,1996-01-01
Guatemala,0.109,11589761.0,0,0,0,0,15,2000-01-01
Guatemala,0.107,12682108.0,0,0,0,0,18,2004-01-01
Guatemala,0.107,13739299.0,0,0,0,0,12,2008-01-01
Guatemala,0.106,14781942.0,0,1,0,1,19,2012-01-01
Guatemala,0.112,15827690.0,0,0,0,0,21,2016-01-01
Guatemala,0.112,16858333.0,0,0,0,0,24,2020-01-01
Guinea,0.02,4972609.0,0,0,0,0,9,1980-01-01
Guinea,0.02,5402084.0,0,0,0,0,4,1984-01-01
Guinea,0.02,5977175.0,0,0,0,0,6,1988-01-01
Guinea,0.019,6832195.0,0,0,0,0,13,1992-01-01
Guinea,0.02,7683115.0,0,0,0,0,5,1996-01-01
Guinea,0.02,8336967.0,0,0,0,0,4,2000-01-01
Guinea,0.019,8961039.0,0,0,0,0,2,2004-01-01
Guinea,0.019,9779785.0,0,0,0,0,7,2008-01-01
Guinea,0.018,10788692.0,0,0,0,0,8,2012-01-01
Guinea,0.021,11930985.0,0,0,0,0,8,2016-01-01
Guinea,0.027,13205153.0,0,0,0,0,8,2020-01-01
Guinea-Bissau,0.003,831462.0,0,0,0,0,0,1980-01-01
Guinea-Bissau,0.003,886210.0,0,0,0,0,0,1984-01-01
Guinea-Bissau,0.003,943080.0,0,0,0,0,0,1988-01-01
Guinea-Bissau,0.003,1022904.0,0,0,0,0,0,1992-01-01
Guinea-Bissau,0.003,1140604.0,0,0,0,0,3,1996-01-01
Guinea-Bissau,0.002,1230849.0,0,0,0,0,3,2000-01-01
Guinea-Bissau,0.002,1347009.0,0,0,0,0,3,2004-01-01
Guinea-Bissau,0.002,1488431.0,0,0,0,0,3,2008-01-01
Guinea-Bissau,0.002,1652717.0,0,0,0,0,4,2012-01-01
Guinea-Bissau,0.003,1834552.0,0,0,0,0,5,2016-01-01
Guinea-Bissau,0.003,2015828.0,0,0,0,0,4,2020-01-01
Guyana,0.014,778176.0,0,0,1,1,8,1980-01-01
Guyana,0.011,776007.0,0,0,0,0,10,1984-01-01
Guyana,0.009,758450.0,0,0,0,0,8,1988-01-01
Guyana,0.007,744998.0,0,0,0,0,6,1992-01-01
Guyana,0.009,753571.0,0,0,0,0,7,1996-01-01
Guyana,0.008,759051.0,0,0,0,0,4,2000-01-01
Guyana,0.007,760424.0,0,0,0,0,4,2004-01-01
Guyana,0.007,754150.0,0,0,0,0,4,2008-01-01
Guyana,0.008,743966.0,0,0,0,0,6,2012-01-01
Guyana,0.007,759087.0,0,0,0,0,6,2016-01-01
Guyana,0.012,797202.0,0,0,0,0,7,2020-01-01
Haiti,0.075,5646676.0,0,0,0,0,0,1980-01-01
Haiti,0.066,6119932.0,0,0,0,0,3,1984-01-01
Haiti,0.058,6644959.0,0,0,0,0,4,1988-01-01
Haiti,0.046,7205780.0,0,0,0,0,7,1992-01-01
Haiti,0.039,7770593.0,0,0,0,0,7,1996-01-01
Haiti,0.036,8360225.0,0,0,0,0,5,2000-01-01
Haiti,0.032,8961489.0,0,0,0,0,8,2004-01-01
Haiti,0.031,9575247.0,0,0,0,0,7,2008-01-01
Haiti,0.028,10108539.0,0,0,0,0,5,2012-01-01
Haiti,0.029,10713849.0,0,0,0,0,10,2016-01-01
Haiti,0.026,11306801.0,0,0,0,0,6,2020-01-01
Honduras,0.038,3777990.0,0,0,0,0,0,1980-01-01
Honduras,0.036,4261919.0,0,0,0,0,10,1984-01-01
Honduras,0.037,4778114.0,0,0,0,0,8,1988-01-01
Honduras,0.033,5344774.0,0,0,0,0,10,1992-01-01
Honduras,0.034,5976550.0,0,0,0,0,7,1996-01-01
Honduras,0.034,6656725.0,0,0,0,0,20,2000-01-01
Honduras,0.034,7383407.0,0,0,0,0,5,2004-01-01
Honduras,0.036,8101777.0,0,0,0,0,25,2008-01-01
Honduras,0.035,8792367.0,0,0,0,0,27,2012-01-01
Honduras,0.041,9460798.0,0,0,0,0,26,2016-01-01
Honduras,0.04,10121763.0,0,0,0,0,22,2020-01-01
Hungary,0.505,10711122.0,7,10,15,32,263,1980-01-01
Hungary,0.504,10668095.0,0,0,0,0,0,1984-01-01
Hungary,0.457,10596487.0,11,6,6,23,188,1988-01-01
Hungary,0.309,10369341.0,11,12,7,30,217,1992-01-01
Hungary,0.287,10311238.0,7,4,10,21,213,1996-01-01
Hungary,0.286,10210971.0,8,6,3,17,178,2000-01-01
Hungary,0.295,10107146.0,8,6,3,17,209,2004-01-01
Hungary,0.271,10038188.0,3,5,2,10,171,2008-01-01
Hungary,0.229,9920362.0,8,4,6,18,157,2012-01-01
Hungary,0.235,9814023.0,8,3,4,15,160,2016-01-01
Hungary,0.243,9750149.0,6,7,7,20,166,2020-01-01
Iceland,0.018,228138.0,0,0,0,0,9,1980-01-01
Iceland,0.018,239511.0,0,0,1,1,30,1984-01-01
Iceland,0.019,249740.0,0,0,0,0,32,1988-01-01
Iceland,0.015,261057.0,0,0,0,0,27,1992-01-01
Iceland,0.015,268916.0,0,0,0,0,9,1996-01-01
Iceland,0.016,281205.0,0,0,1,1,18,2000-01-01
Iceland,0.015,292074.0,0,0,0,0,26,2004-01-01
Iceland,0.016,317414.0,0,1,0,1,27,2008-01-01
Iceland,0.013,320716.0,0,0,0,0,27,2012-01-01
Iceland,0.015,335439.0,0,0,0,0,8,2016-01-01
Iceland,0.015,366463.0,0,0,0,0,4,2020-01-01
India,3.022,696828385.0,1,0,0,1,72,1980-01-01
India,3.368,762895156.0,0,0,0,0,48,1984-01-01
India,3.641,833729681.0,0,0,0,0,46,1988-01-01
India,3.536,907574049.0,0,0,0,0,52,1992-01-01
India,4.044,983281218.0,0,0,1,1,49,1996-01-01
India,4.354,1059633675.0,0,0,1,1,65,2000-01-01
India,4.78,1136264583.0,0,1,0,1,73,2004-01-01
India,5.182,1206734806.0,1,0,2,3,53,2008-01-01
India,6.097,1274487215.0,0,2,4,6,83,2012-01-01
India,6.64,1338636340.0,0,1,1,2,117,2016-01-01
India,6.801,1396387127.0,1,2,4,7,122,2020-01-01
Indonesia,1.415,148177096.0,0,0,0,0,0,1980-01-01
Indonesia,1.591,162331962.0,0,0,0,0,16,1984-01-01
Indonesia,1.738,175694647.0,0,1,0,1,29,1988-01-01
Indonesia,1.954,188558416.0,2,2,1,5,42,1992-01-01
Indonesia,2.341,201373791.0,1,1,2,4,40,1996-01-01
Indonesia,1.943,214072421.0,1,3,2,6,47,2000-01-01
Indonesia,2.007,225938595.0,1,1,2,4,38,2004-01-01
Indonesia,2.142,237936543.0,1,1,4,6,24,2008-01-01
Indonesia,2.391,250222695.0,0,2,1,3,22,2012-01-01
Indonesia,2.356,261850182.0,1,2,0,3,28,2016-01-01
Indonesia,2.469,271857970.0,1,1,3,5,28,2020-01-01
Iraq,0.0,13653369.0,0,0,0,0,43,1980-01-01
Iraq,0.0,15377032.0,0,0,0,0,23,1984-01-01
Iraq,0.0,16987346.0,0,0,0,0,27,1988-01-01
Iraq,0.0,18385673.0,0,0,0,0,8,1992-01-01
Iraq,0.0,21639332.0,0,0,0,0,3,1996-01-01
Iraq,0.193,24628858.0,0,0,0,0,4,2000-01-01
Iraq,0.402,27858948.0,0,0,0,0,24,2004-01-01
Iraq,0.399,29218381.0,0,0,0,0,4,2008-01-01
Iraq,0.479,33864447.0,0,0,0,0,8,2012-01-01
Iraq,0.298,38697943.0,0,0,0,0,23,2016-01-01
Iraq,0.31,42556984.0,0,0,0,0,4,2020-01-01
Ireland,0.188,3412800.0,0,1,1,2,47,1980-01-01
Ireland,0.183,3532423.0,0,1,0,1,42,1984-01-01
Ireland,0.172,3524949.0,0,0,0,0,61,1988-01-01
Ireland,0.168,3558430.0,1,1,0,2,58,1992-01-01
Ireland,0.192,3637510.0,3,0,1,4,78,1996-01-01
Ireland,0.242,3805174.0,0,1,0,1,64,2000-01-01
Ireland,0.257,4070262.0,0,0,0,0,46,2004-01-01
Ireland,0.24,4489544.0,0,1,2,3,55,2008-01-01
Ireland,0.211,4599533.0,1,1,4,6,66,2012-01-01
Ireland,0.291,4755335.0,0,2,0,2,77,2016-01-01
Ireland,0.362,4985382.0,2,0,2,4,116,2020-01-01
Israel,0.212,3878000.0,0,0,0,0,0,1980-01-01
Israel,0.216,4159000.0,0,0,0,0,32,1984-01-01
Israel,0.223,4442000.0,0,0,0,0,18,1988-01-01
Israel,0.221,5123000.0,0,1,1,2,30,1992-01-01
Israel,0.252,5692000.0,0,0,1,1,25,1996-01-01
Israel,0.263,6289000.0,0,0,1,1,39,2000-01-01
Israel,0.242,6809000.0,1,0,1,2,36,2004-01-01
Israel,0.244,7308800.0,0,0,1,1,43,2008-01-01
Israel,0.254,7910500.0,0,0,0,0,37,2012-01-01
Israel,0.279,8546000.0,0,0,2,2,48,2016-01-01
Israel,0.288,9215100.0,2,0,2,4,90,2020-01-01
Italy,4.581,56433883.0,8,3,4,15,159,1980-01-01
Italy,4.328,56576718.0,14,6,12,32,268,1984-01-01
Italy,4.232,56629288.0,6,4,4,14,253,1988-01-01
Italy,3.721,56797087.0,6,5,8,19,304,1992-01-01
Italy,3.472,56860281.0,13,10,12,35,340,1996-01-01
Italy,3.274,56942108.0,13,8,13,34,361,2000-01-01
Italy,2.945,57685327.0,10,11,11,32,364,2004-01-01
Italy,2.544,58826731.0,8,9,10,27,0,2008-01-01
Italy,2.152,59539717.0,8,9,11,28,284,2012-01-01
Italy,2.078,60627498.0,8,12,8,28,309,2016-01-01
Italy,1.841,59438851.0,10,10,20,40,384,2020-01-01
Jamaica,0.046,2135546.0,0,0,3,3,18,1980-01-01
Jamaica,0.047,2264095.0,0,1,2,3,45,1984-01-01
Jamaica,0.045,2354805.0,0,2,0,2,35,1988-01-01
Jamaica,0.041,2434574.0,0,3,1,4,36,1992-01-01
Jamaica,0.039,2532894.0,1,3,2,6,45,1996-01-01
Jamaica,0.033,2612205.0,0,6,3,9,48,2000-01-01
Jamaica,0.031,2664024.0,2,1,2,5,47,2004-01-01
Jamaica,0.027,2711373.0,5,4,2,11,50,2008-01-01
Jamaica,0.023,2759817.0,4,5,4,13,50,2012-01-01
Jamaica,0.023,2802695.0,6,3,2,11,68,2016-01-01
Jamaica,0.02,2820436.0,4,1,4,9,50,2020-01-01
Japan,7.951,116807000.0,0,0,0,0,0,1980-01-01
Japan,8.45,120083000.0,10,8,14,32,226,1984-01-01
Japan,8.812,122578000.0,4,3,7,14,255,1988-01-01
Japan,8.249,124425000.0,3,8,11,22,256,1992-01-01
Japan,7.773,125757000.0,3,6,5,14,306,1996-01-01
Japan,6.844,126843000.0,5,8,5,18,266,2000-01-01
Japan,6.181,127761000.0,16,9,12,37,306,2004-01-01
Japan,5.355,128063000.0,9,8,8,25,0,2008-01-01
Japan,4.756,127629000.0,7,14,17,38,293,2012-01-01
Japan,4.429,127076000.0,12,8,21,41,338,2016-01-01
Japan,3.977,126261000.0,27,14,17,58,556,2020-01-01
Jordan,0.064,2216903.0,0,0,0,0,4,1980-01-01
Jordan,0.075,2629939.0,0,0,0,0,13,1984-01-01
Jordan,0.072,3157177.0,0,0,0,0,7,1988-01-01
Jordan,0.057,3866887.0,0,0,0,0,4,1992-01-01
Jordan,0.059,4608676.0,0,0,0,0,5,1996-01-01
Jordan,0.059,5056174.0,0,0,0,0,8,2000-01-01
Jordan,0.064,5532423.0,0,0,0,0,8,2004-01-01
Jordan,0.074,6632873.0,0,0,0,0,7,2008-01-01
Jordan,0.074,7211863.0,0,0,0,0,9,2012-01-01
Jordan,0.077,9964656.0,1,0,0,1,8,2016-01-01
Jordan,0.08,10928721.0,0,1,1,2,14,2020-01-01
Kazakhstan,0.0,14172710.0,0,0,0,0,0,1980-01-01
Kazakhstan,0.0,15147590.0,0,0,0,0,0,1984-01-01
Kazakhstan,0.0,16430590.0,0,0,0,0,0,1988-01-01
Kazakhstan,0.36,16439095.0,0,0,0,0,0,1992-01-01
Kazakhstan,0.233,15578227.0,3,4,4,11,96,1996-01-01
Kazakhstan,0.226,14883626.0,3,4,0,7,130,2000-01-01
Kazakhstan,0.293,15012984.0,1,4,3,8,114,2004-01-01
Kazakhstan,0.335,15776938.0,2,3,4,9,130,2008-01-01
Kazakhstan,0.367,16792090.0,3,1,7,11,114,2012-01-01
Kazakhstan,0.364,17794055.0,2,5,10,17,104,2016-01-01
Kazakhstan,0.375,18755666.0,0,0,8,8,93,2020-01-01
Kenya,0.131,16187124.0,0,0,0,0,0,1980-01-01
Kenya,0.135,18753176.0,1,0,2,3,61,1984-01-01
Kenya,0.145,21626122.0,5,2,2,9,74,1988-01-01
Kenya,0.129,24655723.0,2,4,2,8,49,1992-01-01
Kenya,0.127,27615736.0,1,4,3,8,52,1996-01-01
Kenya,0.116,30851606.0,2,3,2,7,56,2000-01-01
Kenya,0.113,34791836.0,1,4,2,7,46,2004-01-01
Kenya,0.114,39186895.0,6,4,6,16,46,2008-01-01
Kenya,0.124,43725806.0,2,4,7,13,47,2012-01-01
Kenya,0.166,47894670.0,6,6,1,13,89,2016-01-01
Kenya,0.184,51985780.0,4,4,2,10,85,2020-01-01
Kosovo,0.0,1589395.0,0,0,0,0,0,1980-01-01
Kosovo,0.0,1746874.0,0,0,0,0,0,1984-01-01
Kosovo,0.0,1898987.0,0,0,0,0,0,1988-01-01
Kosovo,0.0,2039030.0,0,0,0,0,0,1992-01-01
Kosovo,0.0,2173716.0,0,0,0,0,0,1996-01-01
Kosovo,0.015,1823286.0,0,0,0,0,0,2000-01-01
Kosovo,0.014,1832239.0,0,0,0,0,0,2004-01-01
Kosovo,0.014,1803370.0,0,0,0,0,0,2008-01-01
Kosovo,0.014,1807106.0,0,0,0,0,0,2012-01-01
Kosovo,0.015,1777557.0,1,0,0,1,8,2016-01-01
Kosovo,0.015,1790133.0,2,0,0,2,11,2020-01-01
Kuwait,0.0,1493870.0,0,0,0,0,56,1980-01-01
Kuwait,0.254,1813986.0,0,0,0,0,23,1984-01-01
Kuwait,0.221,2129153.0,0,0,0,0,25,1988-01-01
Kuwait,0.181,1620633.0,0,0,0,0,32,1992-01-01
Kuwait,0.24,1703318.0,0,0,0,0,25,1996-01-01
Kuwait,0.226,1934901.0,0,0,1,1,29,2000-01-01
Kuwait,0.261,2153481.0,0,0,0,0,11,2004-01-01
Kuwait,0.283,2650930.0,0,0,0,0,8,2008-01-01
Kuwait,0.274,3394663.0,0,0,1,1,11,2012-01-01
Kuwait,0.152,4048085.0,0,0,0,0,0,2016-01-01
Kuwait,0.16,4360444.0,0,0,1,1,11,2020-01-01
Latvia,0.0,2511701.0,0,0,0,0,0,1980-01-01
Latvia,0.0,2562047.0,0,0,0,0,0,1984-01-01
Latvia,0.0,2653434.0,0,0,0,0,0,1988-01-01
Latvia,0.048,2614338.0,0,2,1,3,34,1992-01-01
Latvia,0.039,2457222.0,0,1,0,1,47,1996-01-01
Latvia,0.042,2367550.0,1,1,1,3,45,2000-01-01
Latvia,0.049,2263122.0,0,4,0,4,32,2004-01-01
Latvia,0.054,2177322.0,1,1,1,3,47,2008-01-01
Latvia,0.043,2034319.0,1,0,1,2,46,2012-01-01
Latvia,0.045,1959537.0,0,0,0,0,34,2016-01-01
Latvia,0.044,1900449.0,1,0,1,2,33,2020-01-01
Lebanon,0.122,2963702.0,0,0,1,1,15,1980-01-01
Lebanon,0.126,3163558.0,0,0,0,0,22,1984-01-01
Lebanon,0.105,3457148.0,0,0,0,0,21,1988-01-01
Lebanon,0.062,3745407.0,0,0,0,0,12,1992-01-01
Lebanon,0.07,4034243.0,0,0,0,0,1,1996-01-01
Lebanon,0.069,4320642.0,0,0,0,0,6,2000-01-01
Lebanon,0.071,4574797.0,0,0,0,0,5,2004-01-01
Lebanon,0.072,4887613.0,0,0,0,0,6,2008-01-01
Lebanon,0.081,5178337.0,0,0,0,0,10,2012-01-01
Lebanon,0.089,6258619.0,0,0,0,0,9,2016-01-01
Lebanon,0.058,5662923.0,0,0,0,0,6,2020-01-01
Lesotho,0.004,1407672.0,0,0,0,0,5,1980-01-01
Lesotho,0.005,1573267.0,0,0,0,0,4,1984-01-01
Lesotho,0.005,1733733.0,0,0,0,0,6,1988-01-01
Lesotho,0.005,1858507.0,0,0,0,0,6,1992-01-01
Lesotho,0.005,1955098.0,0,0,0,0,9,1996-01-01
Lesotho,0.005,1998630.0,0,0,0,0,6,2000-01-01
Lesotho,0.005,1985384.0,0,0,0,0,3,2004-01-01
Lesotho,0.005,1995014.0,0,0,0,0,5,2008-01-01
Lesotho,0.005,2054718.0,0,0,0,0,4,2012-01-01
Lesotho,0.005,2143872.0,0,0,0,0,8,2016-01-01
Lesotho,0.004,2254100.0,0,0,0,0,2,2020-01-01
Liberia,0.0,1932169.0,0,0,0,0,0,1980-01-01
Liberia,0.0,2174194.0,0,0,0,0,7,1984-01-01
Liberia,0.0,2439639.0,0,0,0,0,8,1988-01-01
Liberia,0.0,2052626.0,0,0,0,0,0,1992-01-01
Liberia,0.0,2203966.0,0,0,0,0,5,1996-01-01
Liberia,0.005,2895224.0,0,0,0,0,8,2000-01-01
Liberia,0.004,3122447.0,0,0,0,0,2,2004-01-01
Liberia,0.004,3783887.0,0,0,0,0,3,2008-01-01
Liberia,0.005,4331740.0,0,0,0,0,4,2012-01-01
Liberia,0.005,4706097.0,0,0,0,0,2,2016-01-01
Liberia,0.005,5087584.0,0,0,0,0,3,2020-01-01
Libya,0.73,2962720.0,0,0,0,0,29,1980-01-01
Libya,0.472,3564547.0,0,0,0,0,0,1984-01-01
Libya,0.332,4021565.0,0,0,0,0,6,1988-01-01
Libya,0.34,4444820.0,0,0,0,0,5,1992-01-01
Libya,0.253,4820066.0,0,0,0,0,5,1996-01-01
Libya,0.219,5154790.0,0,0,0,0,3,2000-01-01
Libya,0.23,5687563.0,0,0,0,0,8,2004-01-01
Libya,0.227,6228370.0,0,0,0,0,6,2008-01-01
Libya,0.171,5869870.0,0,0,0,0,5,2012-01-01
Libya,0.118,6282196.0,0,0,0,0,7,2016-01-01
Libya,0.082,6653942.0,0,0,0,0,4,2020-01-01
Lithuania,0.0,3413202.0,0,0,0,0,0,1980-01-01
Lithuania,0.0,3514205.0,0,0,0,0,0,1984-01-01
Lithuania,0.0,3655049.0,0,0,0,0,0,1988-01-01
Lithuania,0.0,3700114.0,1,0,1,2,47,1992-01-01
Lithuania,0.065,3601613.0,0,0,1,1,61,1996-01-01
Lithuania,0.067,3499536.0,2,0,3,5,61,2000-01-01
Lithuania,0.078,3377075.0,1,2,0,3,59,2004-01-01
Lithuania,0.086,3198231.0,0,3,2,5,71,2008-01-01
Lithuania,0.073,2987773.0,2,0,3,5,62,2012-01-01
Lithuania,0.076,2868231.0,0,1,3,4,67,2016-01-01
Lithuania,0.082,2794885.0,0,1,0,1,42,2020-01-01
Luxembourg,0.043,364150.0,0,0,0,0,3,1980-01-01
Luxembourg,0.043,365998.0,0,0,0,0,5,1984-01-01
Luxembourg,0.048,373450.0,0,0,0,0,8,1988-01-01
Luxembourg,0.05,392175.0,0,0,0,0,6,1992-01-01
Luxembourg,0.05,414225.0,0,0,0,0,6,1996-01-01
Luxembourg,0.057,436300.0,0,0,0,0,7,2000-01-01
Luxembourg,0.056,458095.0,0,0,0,0,10,2004-01-01
Luxembourg,0.055,488650.0,0,0,0,0,13,2008-01-01
Luxembourg,0.051,530946.0,0,0,0,0,9,2012-01-01
Luxembourg,0.057,582014.0,0,0,0,0,10,2016-01-01
Luxembourg,0.056,630419.0,0,0,0,0,12,2020-01-01
Madagascar,0.066,8948162.0,0,0,0,0,11,1980-01-01
Madagascar,0.055,10015017.0,0,0,0,0,5,1984-01-01
Madagascar,0.051,11206789.0,0,0,0,0,0,1988-01-01
Madagascar,0.042,12623342.0,0,0,0,0,13,1992-01-01
Madagascar,0.04,14317454.0,0,0,0,0,11,1996-01-01
Madagascar,0.04,16216431.0,0,0,0,0,11,2000-01-01
Madagascar,0.037,18250774.0,0,0,0,0,8,2004-01-01
Madagascar,0.039,20513599.0,0,0,0,0,6,2008-01-01
Madagascar,0.034,22966240.0,0,0,0,0,7,2012-01-01
Madagascar,0.034,25501941.0,0,0,0,0,6,2016-01-01
Madagascar,0.032,28225177.0,0,0,0,0,6,2020-01-01
Malawi,0.025,6267369.0,0,0,0,0,0,1980-01-01
Malawi,0.024,7339002.0,0,0,0,0,15,1984-01-01
Malawi,0.022,8754781.0,0,0,0,0,16,1988-01-01
Malawi,0.02,10115420.0,0,0,0,0,4,1992-01-01
Malawi,0.021,10310528.0,0,0,0,0,2,1996-01-01
Malawi,0.021,11229387.0,0,0,0,0,2,2000-01-01
Malawi,0.02,12411342.0,0,0,0,0,4,2004-01-01
Malawi,0.021,13889423.0,0,0,0,0,4,2008-01-01
Malawi,0.022,15581251.0,0,0,0,0,3,2012-01-01
Malawi,0.022,17405624.0,0,0,0,0,5,2016-01-01
Malawi,0.023,19377061.0,0,0,0,0,5,2020-01-01
Malaysia,0.346,13215707.0,0,0,0,0,0,1980-01-01
Malaysia,0.409,14686454.0,0,0,0,0,21,1984-01-01
Malaysia,0.409,16524616.0,0,0,0,0,9,1988-01-01
Malaysia,0.472,18526708.0,0,0,1,1,26,1992-01-01
Malaysia,0.606,20689051.0,0,1,1,2,35,1996-01-01
Malaysia,0.599,22945150.0,0,0,0,0,40,2000-01-01
Malaysia,0.621,25333247.0,0,0,0,0,26,2004-01-01
Malaysia,0.642,27664296.0,0,1,0,1,32,2008-01-01
Malaysia,0.671,29660212.0,0,1,1,2,30,2012-01-01
Malaysia,0.673,31526418.0,0,4,1,5,32,2016-01-01
Malaysia,0.677,33199993.0,0,1,1,2,30,2020-01-01
Maldives,0.002,164887.0,0,0,0,0,0,1980-01-01
Maldives,0.003,184388.0,0,0,0,0,0,1984-01-01
Maldives,0.003,211160.0,0,0,0,0,7,1988-01-01
Maldives,0.003,239136.0,0,0,0,0,7,1992-01-01
Maldives,0.004,263841.0,0,0,0,0,6,1996-01-01
Maldives,0.005,282507.0,0,0,0,0,4,2000-01-01
Maldives,0.005,302135.0,0,0,0,0,4,2004-01-01
Maldives,0.005,336883.0,0,0,0,0,4,2008-01-01
Maldives,0.005,387539.0,0,0,0,0,5,2012-01-01
Maldives,0.007,454252.0,0,0,0,0,4,2016-01-01
Maldives,0.006,514438.0,0,0,0,0,4,2020-01-01
Mali,0.029,7372581.0,0,0,0,0,7,1980-01-01
Mali,0.023,8030099.0,0,0,0,0,4,1984-01-01
Mali,0.023,8617474.0,0,0,0,0,6,1988-01-01
Mali,0.024,9310572.0,0,0,0,0,5,1992-01-01
Mali,0.025,10131906.0,0,0,0,0,3,1996-01-01
Mali,0.024,11239101.0,0,0,0,0,5,2000-01-01
Mali,0.028,12751995.0,0,0,0,0,21,2004-01-01
Mali,0.028,14551117.0,0,0,0,0,17,2008-01-01
Mali,0.028,16514687.0,0,0,0,0,6,2012-01-01
Mali,0.034,18700106.0,0,0,0,0,6,2016-01-01
Mali,0.036,21224040.0,0,0,0,0,4,2020-01-01
Malta,0.014,316645.0,0,0,0,0,8,1980-01-01
Malta,0.013,330593.0,0,0,0,0,7,1984-01-01
Malta,0.014,347325.0,0,0,0,0,6,1988-01-01
Malta,0.014,367618.0,0,0,0,0,6,1992-01-01
Malta,0.015,379905.0,0,0,0,0,7,1996-01-01
Malta,0.015,390087.0,0,0,0,0,7,2000-01-01
Malta,0.014,401268.0,0,0,0,0,7,2004-01-01
Malta,0.013,409379.0,0,0,0,0,6,2008-01-01
Malta,0.013,420028.0,0,0,0,0,5,2012-01-01
Malta,0.016,455356.0,0,0,0,0,7,2016-01-01
Malta,0.017,515332.0,0,0,0,0,6,2020-01-01
Mauritania,0.0,1506694.0,0,0,0,0,0,1980-01-01
Mauritania,0.0,1695675.0,0,0,0,0,2,1984-01-01
Mauritania,0.0,1905847.0,0,0,0,0,6,1988-01-01
Mauritania,0.018,2147527.0,0,0,0,0,6,1992-01-01
Mauritania,0.019,2428816.0,0,0,0,0,4,1996-01-01
Mauritania,0.016,2695003.0,0,0,0,0,2,2000-01-01
Mauritania,0.016,2946575.0,0,0,0,0,2,2004-01-01
Mauritania,0.017,3233336.0,0,0,0,0,2,2008-01-01
Mauritania,0.016,3636113.0,0,0,0,0,2,2012-01-01
Mauritania,0.017,4051890.0,0,0,0,0,2,2016-01-01
Mauritania,0.019,4498604.0,0,0,0,0,2,2020-01-01
Mauritius,0.015,966039.0,0,0,0,0,0,1980-01-01
Mauritius,0.016,1012221.0,0,0,0,0,4,1984-01-01
Mauritius,0.019,1043239.0,0,0,0,0,8,1988-01-01
Mauritius,0.019,1084441.0,0,0,0,0,13,1992-01-01
Mauritius,0.02,1133996.0,0,0,0,0,26,1996-01-01
Mauritius,0.022,1186873.0,0,0,0,0,20,2000-01-01
Mauritius,0.022,1221003.0,0,0,0,0,9,2004-01-01
Mauritius,0.021,1244121.0,0,0,1,1,11,2008-01-01
Mauritius,0.021,1255882.0,0,0,0,0,11,2012-01-01
Mauritius,0.023,1263747.0,0,0,0,0,12,2016-01-01
Mauritius,0.02,1266014.0,0,0,0,0,8,2020-01-01
Mexico,3.228,67705186.0,0,1,3,4,45,1980-01-01
Mexico,3.185,73489654.0,2,3,1,6,99,1984-01-01
Mexico,2.771,78892015.0,0,0,2,2,83,1988-01-01
Mexico,2.651,84993164.0,0,1,0,1,102,1992-01-01
Mexico,2.517,91586555.0,0,0,1,1,98,1996-01-01
Mexico,2.667,97873442.0,1,2,3,6,78,2000-01-01
Mexico,2.405,103945813.0,0,3,1,4,109,2004-01-01
Mexico,2.221,109684489.0,2,0,2,4,83,2008-01-01
Mexico,2.084,115755909.0,1,3,4,8,102,2012-01-01
Mexico,2.11,121519221.0,0,3,2,5,125,2016-01-01
Mexico,1.862,125998302.0,0,0,4,4,162,2020-01-01
Moldova,0.0,2716068.0,0,0,0,0,0,1980-01-01
Moldova,0.0,2819728.0,0,0,0,0,0,1984-01-01
Moldova,0.0,2931424.0,0,0,0,0,0,1988-01-01
Moldova,0.039,2975621.0,0,0,0,0,0,1992-01-01
Moldova,0.022,2947293.0,0,0,0,0,40,1996-01-01
Moldova,0.018,2924668.0,0,0,0,0,34,2000-01-01
Moldova,0.02,2896023.0,0,0,0,0,33,2004-01-01
Moldova,0.021,2868833.0,0,0,0,0,29,2008-01-01
Moldova,0.021,2860324.0,0,0,0,0,22,2012-01-01
Moldova,0.026,2803186.0,0,0,0,0,23,2016-01-01
Moldova,0.025,2635130.0,0,0,0,0,20,2020-01-01
Mongolia,0.022,1697780.0,0,2,2,4,43,1980-01-01
Mongolia,0.026,1871652.0,0,0,0,0,0,1984-01-01
Mongolia,0.029,2073771.0,0,0,1,1,28,1988-01-01
Mongolia,0.02,2236494.0,0,0,2,2,33,1992-01-01
Mongolia,0.019,2357033.0,0,0,1,1,16,1996-01-01
Mongolia,0.018,2450979.0,0,0,0,0,20,2000-01-01
Mongolia,0.02,2537949.0,0,0,1,1,20,2004-01-01
Mongolia,0.023,2633887.0,2,2,0,4,28,2008-01-01
Mongolia,0.029,2792349.0,0,2,3,5,29,2012-01-01
Mongolia,0.028,3029555.0,0,1,1,2,43,2016-01-01
Mongolia,0.03,3294335.0,0,1,3,4,43,2020-01-01
Montenegro,0.0,572608.0,0,0,0,0,0,1980-01-01
Montenegro,0.0,600884.0,0,0,0,0,0,1984-01-01
Montenegro,0.0,607413.0,0,0,0,0,0,1988-01-01
Montenegro,0.0,608516.0,0,0,0,0,0,1992-01-01
Montenegro,0.0,611003.0,0,0,0,0,0,1996-01-01
Montenegro,0.01,604950.0,0,0,0,0,0,2000-01-01
Montenegro,0.009,613353.0,0,0,0,0,85,2004-01-01
Montenegro,0.01,616969.0,0,0,0,0,19,2008-01-01
Montenegro,0.009,620601.0,0,1,0,1,33,2012-01-01
Montenegro,0.01,622303.0,0,0,0,0,34,2016-01-01
Montenegro,0.009,621306.0,0,0,0,0,34,2020-01-01
Morocco,0.236,19678444.0,0,0,0,0,0,1980-01-01
Morocco,0.238,21817271.0,2,0,0,2,34,1984-01-01
Morocco,0.254,23720590.0,1,0,2,3,27,1988-01-01
Morocco,0.23,25400676.0,1,1,1,3,44,1992-01-01
Morocco,0.238,26999093.0,0,0,2,2,34,1996-01-01
Morocco,0.222,28554415.0,0,1,4,5,55,2000-01-01
Morocco,0.238,30033125.0,2,1,0,3,55,2004-01-01
Morocco,0.241,31634992.0,0,1,1,2,47,2008-01-01
Morocco,0.242,33352169.0,0,0,1,1,67,2012-01-01
Morocco,0.235,35107264.0,0,0,1,1,51,2016-01-01
Morocco,0.222,36688772.0,1,0,0,1,50,2020-01-01
Mozambique,0.019,11413587.0,0,0,0,0,14,1980-01-01
Mozambique,0.013,12426223.0,0,0,0,0,9,1984-01-01
Mozambique,0.014,12956772.0,0,0,0,0,8,1988-01-01
Mozambique,0.012,13816881.0,0,0,0,0,6,1992-01-01
Mozambique,0.014,16079553.0,0,0,1,1,3,1996-01-01
Mozambique,0.017,17768505.0,1,0,0,1,5,2000-01-01
Mozambique,0.021,19694411.0,0,0,0,0,4,2004-01-01
Mozambique,0.024,21845571.0,0,0,0,0,4,2008-01-01
Mozambique,0.026,24487611.0,0,0,0,0,6,2012-01-01
Mozambique,0.033,27696493.0,0,0,0,0,6,2016-01-01
Mozambique,0.03,31178239.0,0,0,0,0,10,2020-01-01
Myanmar,0.0,33465781.0,0,0,0,0,0,1980-01-01
Myanmar,0.0,36159838.0,0,0,0,0,0,1984-01-01
Myanmar,0.0,38868270.0,0,0,0,0,0,1988-01-01
Myanmar,0.0,41237813.0,0,0,0,0,4,1992-01-01
Myanmar,0.0,43423369.0,0,0,0,0,3,1996-01-01
Myanmar,0.082,45538332.0,0,0,0,0,7,2000-01-01
Myanmar,0.115,47338446.0,0,0,0,0,2,2004-01-01
Myanmar,0.15,48729486.0,0,0,0,0,6,2008-01-01
Myanmar,0.171,50218185.0,0,0,0,0,6,2012-01-01
Myanmar,0.184,51892349.0,0,0,0,0,7,2016-01-01
Myanmar,0.2,53423198.0,0,0,0,0,3,2020-01-01
Namibia,0.0,975994.0,0,0,0,0,0,1980-01-01
Namibia,0.0,1061995.0,0,0,0,0,0,1984-01-01
Namibia,0.0,1207949.0,0,0,0,0,0,1988-01-01
Namibia,0.02,1461687.0,0,2,0,2,6,1992-01-01
Namibia,0.019,1650066.0,0,2,0,2,8,1996-01-01
Namibia,0.019,1819141.0,0,0,0,0,11,2000-01-01
Namibia,0.02,1939406.0,0,0,0,0,8,2004-01-01
Namibia,0.019,2038552.0,0,0,0,0,10,2008-01-01
Namibia,0.02,2167470.0,0,0,0,0,9,2012-01-01
Namibia,0.021,2323352.0,0,0,0,0,10,2016-01-01
Namibia,0.018,2489098.0,0,1,0,1,11,2020-01-01
Nepal,0.05,15600442.0,0,0,0,0,10,1980-01-01
Nepal,0.055,17141610.0,0,0,0,0,10,1984-01-01
Nepal,0.057,18720745.0,0,0,0,0,16,1988-01-01
Nepal,0.056,20702133.0,0,0,0,0,2,1992-01-01
Nepal,0.061,22783969.0,0,0,0,0,6,1996-01-01
Nepal,0.063,24559500.0,0,0,0,0,5,2000-01-01
Nepal,0.063,26003965.0,0,0,0,0,6,2004-01-01
Nepal,0.062,26881544.0,0,0,0,0,8,2008-01-01
Nepal,0.067,27330694.0,0,0,0,0,5,2012-01-01
Nepal,0.07,27861186.0,0,0,0,0,7,2016-01-01
Nepal,0.087,29348627.0,0,0,0,0,5,2020-01-01
Netherlands,1.23,14149800.0,0,1,2,3,75,1980-01-01
Netherlands,1.156,14424211.0,5,2,6,13,136,1984-01-01
Netherlands,1.122,14760094.0,2,2,5,9,147,1988-01-01
Netherlands,1.035,15184166.0,2,6,7,15,201,1992-01-01
Netherlands,1.016,15530498.0,4,5,10,19,239,1996-01-01
Netherlands,1.047,15925513.0,12,9,4,25,231,2000-01-01
Netherlands,0.951,16281779.0,4,9,9,22,210,2004-01-01
Netherlands,0.891,16445593.0,7,5,4,16,237,2008-01-01
Netherlands,0.785,16754962.0,6,6,8,20,175,2012-01-01
Netherlands,0.764,17030314.0,8,7,4,19,242,2016-01-01
Netherlands,0.75,17441500.0,10,12,14,36,278,2020-01-01
New Zealand,0.213,3112900.0,0,0,0,0,4,1980-01-01
New Zealand,0.219,3227100.0,8,1,2,11,130,1984-01-01
New Zealand,0.2,3283400.0,3,2,8,13,83,1988-01-01
New Zealand,0.163,3531700.0,1,4,5,10,134,1992-01-01
New Zealand,0.175,3732000.0,3,2,1,6,95,1996-01-01
New Zealand,0.169,3857700.0,1,0,3,4,147,2000-01-01
New Zealand,0.172,4087500.0,3,2,0,5,148,2004-01-01
New Zealand,0.158,4259800.0,3,2,4,9,178,2008-01-01
New Zealand,0.143,4408100.0,6,2,5,13,184,2012-01-01
New Zealand,0.159,4714100.0,4,9,5,18,199,2016-01-01
New Zealand,0.164,5090200.0,7,6,7,20,211,2020-01-01
Nicaragua,0.046,3303309.0,0,0,0,0,5,1980-01-01
Nicaragua,0.045,3674501.0,0,0,0,0,5,1984-01-01
Nicaragua,0.032,4033291.0,0,0,0,0,0,1988-01-01
Nicaragua,0.026,4427172.0,0,0,0,0,8,1992-01-01
Nicaragua,0.027,4812391.0,0,0,0,0,26,1996-01-01
Nicaragua,0.028,5123222.0,0,0,0,0,6,2000-01-01
Nicaragua,0.027,5386223.0,0,0,0,0,5,2004-01-01
Nicaragua,0.027,5687744.0,0,0,0,0,6,2008-01-01
Nicaragua,0.026,6030607.0,0,0,0,0,6,2012-01-01
Nicaragua,0.031,6389235.0,0,0,0,0,5,2016-01-01
Nicaragua,0.028,6755895.0,0,0,0,0,8,2020-01-01
Niger,0.03,6173177.0,0,0,0,0,44,1980-01-01
Niger,0.023,6973849.0,0,0,0,0,4,1984-01-01
Niger,0.024,7872252.0,0,0,0,0,6,1988-01-01
Niger,0.02,8907644.0,0,0,0,0,55,1992-01-01
Niger,0.018,10149937.0,0,0,0,0,3,1996-01-01
Niger,0.017,11622665.0,0,0,0,0,4,2000-01-01
Niger,0.017,13366885.0,0,0,0,0,4,2004-01-01
Niger,0.018,15455175.0,0,0,0,0,74,2008-01-01
Niger,0.02,17954407.0,0,0,0,0,55,2012-01-01
Niger,0.02,20921743.0,0,1,0,1,75,2016-01-01
Niger,0.023,24333639.0,0,0,0,0,60,2020-01-01
Nigeria,0.0,72951439.0,0,0,0,0,44,1980-01-01
Nigeria,0.0,81337553.0,0,1,1,2,32,1984-01-01
Nigeria,0.0,90351467.0,0,0,0,0,69,1988-01-01
Nigeria,0.559,100182045.0,0,3,1,4,55,1992-01-01
Nigeria,0.534,110956183.0,2,1,3,6,65,1996-01-01
Nigeria,0.515,122851984.0,1,2,0,3,83,2000-01-01
Nigeria,0.66,136756848.0,0,0,2,2,70,2004-01-01
Nigeria,0.727,152382506.0,0,3,2,5,74,2008-01-01
Nigeria,0.828,170075932.0,0,0,0,0,55,2012-01-01
Nigeria,0.836,188666931.0,0,0,1,1,75,2016-01-01
Nigeria,0.799,208327405.0,0,1,1,2,60,2020-01-01
North Macedonia,0.0,1907023.0,0,0,0,0,0,1980-01-01
North Macedonia,0.0,1988682.0,0,0,0,0,0,1984-01-01
North Macedonia,0.0,2031932.0,0,0,0,0,0,1988-01-01
North Macedonia,0.035,2018023.0,0,0,0,0,0,1992-01-01
North Macedonia,0.028,1994226.0,0,0,0,0,0,1996-01-01
North Macedonia,0.027,2026350.0,0,0,1,1,0,2000-01-01
North Macedonia,0.025,2016186.0,0,0,0,0,0,2004-01-01
North Macedonia,0.026,1971493.0,0,0,0,0,0,2008-01-01
North Macedonia,0.024,1929821.0,0,0,0,0,0,2012-01-01
North Macedonia,0.027,1906313.0,0,0,0,0,0,2016-01-01
North Macedonia,0.026,1856124.0,0,1,0,1,8,2020-01-01
Norway,0.453,4085620.0,0,0,0,0,0,1980-01-01
Norway,0.464,4140099.0,0,1,2,3,103,1984-01-01
Norway,0.445,4209488.0,2,3,0,5,69,1988-01-01
Norway,0.399,4286401.0,2,4,1,7,83,1992-01-01
Norway,0.417,4381336.0,2,2,3,7,97,1996-01-01
Norway,0.41,4490967.0,4,3,3,10,93,2000-01-01
Norway,0.386,4591910.0,5,0,1,6,52,2004-01-01
Norway,0.352,4768212.0,3,5,1,9,84,2008-01-01
Norway,0.327,5018573.0,2,1,1,4,64,2012-01-01
Norway,0.266,5234519.0,0,0,4,4,62,2016-01-01
Norway,0.266,5379475.0,4,2,2,8,75,2020-01-01
Oman,0.101,1017462.0,0,0,0,0,226,1980-01-01
Oman,0.158,1273306.0,0,0,0,0,16,1984-01-01
Oman,0.161,1623433.0,0,0,0,0,8,1988-01-01
Oman,0.168,1985227.0,0,0,0,0,173,1992-01-01
Oman,0.177,2209958.0,0,0,0,0,4,1996-01-01
Oman,0.177,2344253.0,0,0,0,0,6,2000-01-01
Oman,0.159,2468855.0,0,0,0,0,2,2004-01-01
Oman,0.164,2651028.0,0,0,0,0,101,2008-01-01
Oman,0.176,3535579.0,0,0,0,0,103,2012-01-01
Oman,0.128,4398070.0,0,0,0,0,97,2016-01-01
Oman,0.119,4543399.0,0,0,0,0,101,2020-01-01
Pakistan,0.566,80624057.0,0,0,0,0,0,1980-01-01
Pakistan,0.655,94003867.0,1,0,0,1,31,1984-01-01
Pakistan,0.734,107967838.0,0,0,1,1,30,1988-01-01
Pakistan,0.741,122375179.0,0,0,1,1,27,1992-01-01
Pakistan,0.782,137234810.0,0,0,0,0,24,1996-01-01
Pakistan,0.769,154369924.0,0,0,0,0,27,2000-01-01
Pakistan,0.802,170648620.0,0,0,0,0,26,2004-01-01
Pakistan,0.842,185931955.0,0,0,0,0,21,2008-01-01
Pakistan,0.831,202205861.0,0,0,0,0,21,2012-01-01
Pakistan,0.868,213524840.0,0,0,0,0,7,2016-01-01
Pakistan,0.905,227196741.0,0,0,0,0,10,2020-01-01
Panama,0.054,1956987.0,0,0,0,0,0,1980-01-01
Panama,0.056,2147577.0,0,0,0,0,8,1984-01-01
Panama,0.044,2347821.0,0,0,0,0,6,1988-01-01
Panama,0.047,2554382.0,0,0,0,0,5,1992-01-01
Panama,0.049,2771606.0,0,0,0,0,7,1996-01-01
Panama,0.052,3001731.0,0,0,0,0,6,2000-01-01
Panama,0.052,3243311.0,0,0,0,0,4,2004-01-01
Panama,0.062,3495276.0,1,0,0,1,5,2008-01-01
Panama,0.072,3754862.0,0,0,0,0,7,2012-01-01
Panama,0.1,4026336.0,0,0,0,0,10,2016-01-01
Panama,0.09,4294396.0,0,0,0,0,10,2020-01-01
Papua New Guinea,0.024,3104788.0,0,0,0,0,0,1980-01-01
Papua New Guinea,0.023,3374465.0,0,0,0,0,7,1984-01-01
Papua New Guinea,0.022,3679651.0,0,0,0,0,11,1988-01-01
Papua New Guinea,0.022,4136644.0,0,0,0,0,13,1992-01-01
Papua New Guinea,0.025,4785895.0,0,0,0,0,11,1996-01-01
Papua New Guinea,0.021,5508297.0,0,0,0,0,5,2000-01-01
Papua New Guinea,0.02,6293166.0,0,0,0,0,4,2004-01-01
Papua New Guinea,0.019,7137988.0,0,0,0,0,7,2008-01-01
Papua New Guinea,0.021,8026545.0,0,0,0,0,8,2012-01-01
Papua New Guinea,0.026,8899169.0,0,0,0,0,8,2016-01-01
Papua New Guinea,0.025,9749640.0,0,0,0,0,8,2020-01-01
Paraguay,0.083,3078912.0,0,0,0,0,0,1980-01-01
Paraguay,0.081,3437892.0,0,0,0,0,14,1984-01-01
Paraguay,0.08,3844437.0,0,0,0,0,10,1988-01-01
Paraguay,0.076,4277051.0,0,0,0,0,27,1992-01-01
Paraguay,0.08,4711655.0,0,0,0,0,7,1996-01-01
Paraguay,0.07,5123819.0,0,0,0,0,5,2000-01-01
Paraguay,0.065,5416324.0,0,1,0,1,22,2004-01-01
Paraguay,0.065,5645148.0,0,0,0,0,7,2008-01-01
Paraguay,0.064,5923322.0,0,0,0,0,8,2012-01-01
Paraguay,0.07,6266615.0,0,0,0,0,11,2016-01-01
Paraguay,0.07,6618695.0,0,0,0,0,8,2020-01-01
Peru,0.402,17492406.0,0,0,0,0,28,1980-01-01
Peru,0.363,19285646.0,0,1,0,1,35,1984-01-01
Peru,0.349,21143799.0,0,1,0,1,21,1988-01-01
Peru,0.237,23047248.0,0,1,0,1,16,1992-01-01
Peru,0.274,24907304.0,0,0,0,0,29,1996-01-01
Peru,0.261,26654439.0,0,0,0,0,21,2000-01-01
Peru,0.263,27893911.0,0,0,0,0,12,2004-01-01
Peru,0.298,28806185.0,0,0,0,0,13,2008-01-01
Peru,0.315,29749589.0,0,0,0,0,16,2012-01-01
Peru,0.325,31132779.0,0,0,0,0,29,2016-01-01
Peru,0.3,33304756.0,0,0,0,0,35,2020-01-01
Philippines,0.687,48419546.0,0,0,0,0,0,1980-01-01
Philippines,0.634,53514959.0,0,0,0,0,19,1984-01-01
Philippines,0.582,58755923.0,0,0,1,1,31,1988-01-01
Philippines,0.519,64543525.0,0,0,1,1,26,1992-01-01
Philippines,0.542,70944969.0,0,1,0,1,12,1996-01-01
Philippines,0.528,77958223.0,0,0,0,0,20,2000-01-01
Philippines,0.547,84607501.0,0,0,0,0,16,2004-01-01
Philippines,0.563,91252326.0,0,0,0,0,15,2008-01-01
Philippines,0.607,98032317.0,0,0,0,0,11,2012-01-01
Philippines,0.686,104875266.0,0,1,0,1,13,2016-01-01
Philippines,0.688,112190977.0,1,2,1,4,19,2020-01-01
Poland,1.276,35574150.0,3,14,15,32,306,1980-01-01
Poland,1.049,36904134.0,0,0,0,0,0,1984-01-01
Poland,1.025,37824487.0,2,5,9,16,143,1988-01-01
Poland,0.763,38363667.0,3,6,10,19,201,1992-01-01
Poland,0.841,38624370.0,7,5,5,17,165,1996-01-01
Poland,0.888,38258629.0,6,5,3,14,187,2000-01-01
Poland,0.859,38182222.0,3,2,5,10,194,2004-01-01
Poland,0.881,38125759.0,4,5,2,11,257,2008-01-01
Poland,0.89,38063164.0,3,2,6,11,218,2012-01-01
Poland,0.918,37970087.0,2,3,6,11,243,2016-01-01
Poland,0.976,37899070.0,4,5,5,14,210,2020-01-01
Portugal,0.441,9766312.0,0,0,0,0,11,1980-01-01
Portugal,0.425,9996232.0,1,0,2,3,38,1984-01-01
Portugal,0.436,10019610.0,1,0,0,1,65,1988-01-01
Portugal,0.435,9952494.0,0,0,0,0,90,1992-01-01
Portugal,0.411,10063945.0,1,0,1,2,107,1996-01-01
Portugal,0.418,10289898.0,0,0,2,2,61,2000-01-01
Portugal,0.376,10483861.0,0,2,1,3,81,2004-01-01
Portugal,0.331,10558177.0,1,1,0,2,77,2008-01-01
Portugal,0.275,10514844.0,0,1,0,1,77,2012-01-01
Portugal,0.28,10325452.0,0,0,1,1,92,2016-01-01
Portugal,0.26,10297081.0,1,1,2,4,92,2020-01-01
Puerto Rico,0.165,3206000.0,0,0,0,0,3,1980-01-01
Puerto Rico,0.159,3344190.0,0,1,1,2,51,1984-01-01
Puerto Rico,0.169,3473898.0,0,0,0,0,47,1988-01-01
Puerto Rico,0.161,3585176.0,0,0,1,1,71,1992-01-01
Puerto Rico,0.166,3724655.0,0,0,1,1,69,1996-01-01
Puerto Rico,0.172,3810605.0,0,0,0,0,29,2000-01-01
Puerto Rico,0.174,3826878.0,0,0,0,0,43,2004-01-01
Puerto Rico,0.137,3760866.0,0,0,0,0,22,2008-01-01
Puerto Rico,0.117,3634488.0,0,1,1,2,25,2012-01-01
Puerto Rico,0.1,3406672.0,1,0,0,1,42,2016-01-01
Puerto Rico,0.084,3281557.0,1,0,0,1,37,2020-01-01
Qatar,0.155,277450.0,0,0,0,0,0,1980-01-01
Qatar,0.137,348241.0,0,0,0,0,24,1984-01-01
Qatar,0.112,412142.0,0,0,0,0,10,1988-01-01
Qatar,0.09,471293.0,0,0,1,1,28,1992-01-01
Qatar,0.084,529265.0,0,0,0,0,12,1996-01-01
Qatar,0.113,645937.0,0,0,1,1,17,2000-01-01
Qatar,0.135,777943.0,0,0,0,0,15,2004-01-01
Qatar,0.217,1444277.0,0,0,0,0,20,2008-01-01
Qatar,0.308,1905660.0,0,1,1,2,12,2012-01-01
Qatar,0.189,2595166.0,0,1,0,1,38,2016-01-01
Qatar,0.194,2760385.0,2,0,1,3,16,2020-01-01
Romania,0.849,22207282.0,6,6,13,25,226,1980-01-01
Romania,0.905,22640547.0,20,16,17,53,124,1984-01-01
Romania,0.799,23057662.0,7,11,6,24,68,1988-01-01
Romania,0.46,22794284.0,4,6,8,18,173,1992-01-01
Romania,0.478,22619004.0,4,7,9,20,165,1996-01-01
Romania,0.375,22442971.0,11,6,9,26,145,2000-01-01
Romania,0.409,21451748.0,8,5,6,19,108,2004-01-01
Romania,0.453,20537875.0,4,1,4,9,101,2008-01-01
Romania,0.394,20058035.0,2,4,1,7,103,2012-01-01
Romania,0.404,19702267.0,1,1,2,4,97,2016-01-01
Romania,0.444,19265250.0,1,3,0,4,101,2020-01-01
Rwanda,0.016,5247532.0,0,0,0,0,0,1980-01-01
Rwanda,0.017,6056729.0,0,0,0,0,3,1984-01-01
Rwanda,0.016,6953975.0,0,0,0,0,6,1988-01-01
Rwanda,0.013,7657208.0,0,0,0,0,10,1992-01-01
Rwanda,0.008,6715510.0,0,0,0,0,4,1996-01-01
Rwanda,0.01,8109989.0,0,0,0,0,5,2000-01-01
Rwanda,0.012,8791853.0,0,0,0,0,5,2004-01-01
Rwanda,0.014,9781996.0,0,0,0,0,4,2008-01-01
Rwanda,0.016,10840334.0,0,0,0,0,7,2012-01-01
Rwanda,0.019,11930899.0,0,0,0,0,8,2016-01-01
Rwanda,0.021,13146362.0,0,0,0,0,6,2020-01-01
Samoa,0.001,164905.0,0,0,0,0,0,1980-01-01
Samoa,0.001,166779.0,0,0,0,0,8,1984-01-01
Samoa,0.001,167452.0,0,0,0,0,6,1988-01-01
Samoa,0.001,169799.0,0,0,0,0,5,1992-01-01
Samoa,0.001,176713.0,0,0,0,0,7,1996-01-01
Samoa,0.001,184008.0,0,0,0,0,4,2000-01-01
Samoa,0.001,188073.0,0,0,0,0,3,2004-01-01
Samoa,0.001,191787.0,0,1,0,1,6,2008-01-01
Samoa,0.001,198124.0,0,0,0,0,8,2012-01-01
Samoa,0.001,205544.0,0,0,0,0,8,2016-01-01
Samoa,0.001,214929.0,0,0,0,0,8,2020-01-01
San Marino,0.0,21346.0,0,0,0,0,16,1980-01-01
San Marino,0.0,22096.0,0,0,0,0,19,1984-01-01
San Marino,0.0,22542.0,0,0,0,0,11,1988-01-01
San Marino,0.0,23808.0,0,0,0,0,17,1992-01-01
San Marino,0.0,25235.0,0,0,0,0,7,1996-01-01
San Marino,0.003,26823.0,0,0,0,0,4,2000-01-01
San Marino,0.003,29093.0,0,0,0,0,5,2004-01-01
San Marino,0.003,30700.0,0,0,0,0,4,2008-01-01
San Marino,0.002,33132.0,0,0,0,0,4,2012-01-01
San Marino,0.002,33834.0,0,0,0,0,4,2016-01-01
San Marino,0.002,34007.0,0,1,2,3,5,2020-01-01
Saudi Arabia,3.114,10171710.0,0,0,0,0,0,1980-01-01
Saudi Arabia,1.837,12310361.0,0,0,0,0,37,1984-01-01
Saudi Arabia,1.762,14713715.0,0,0,0,0,9,1988-01-01
Saudi Arabia,1.967,17281350.0,0,0,0,0,9,1992-01-01
Saudi Arabia,1.776,19410280.0,0,0,0,0,29,1996-01-01
Saudi Arabia,1.619,21547390.0,0,0,0,0,18,2000-01-01
Saudi Arabia,1.618,23661808.0,0,0,0,0,16,2004-01-01
Saudi Arabia,1.591,27437353.0,0,0,0,0,14,2008-01-01
Saudi Arabia,1.67,30821543.0,0,0,0,0,19,2012-01-01
Saudi Arabia,1.308,33416270.0,0,0,0,0,12,2016-01-01
Saudi Arabia,1.29,35997107.0,0,0,0,0,29,2020-01-01
Senegal,0.045,5703869.0,0,0,0,0,32,1980-01-01
Senegal,0.046,6341801.0,0,0,0,0,24,1984-01-01
Senegal,0.044,7113636.0,0,1,0,1,23,1988-01-01
Senegal,0.039,7974514.0,0,0,0,0,20,1992-01-01
Senegal,0.037,8843423.0,0,0,0,0,11,1996-01-01
Senegal,0.039,9704287.0,0,0,0,0,26,2000-01-01
Senegal,0.039,10698691.0,0,0,0,0,15,2004-01-01
Senegal,0.037,11872929.0,0,0,0,0,15,2008-01-01
Senegal,0.036,13231833.0,0,0,0,0,31,2012-01-01
Senegal,0.04,14751356.0,0,0,0,0,22,2016-01-01
Senegal,0.044,16436120.0,0,0,0,0,9,2020-01-01
Serbia,0.0,7362000.0,0,0,0,0,0,1980-01-01
Serbia,0.0,7489000.0,0,0,0,0,0,1984-01-01
Serbia,0.0,7572000.0,0,0,0,0,0,1988-01-01
Serbia,0.0,7646424.0,0,0,0,0,0,1992-01-01
Serbia,0.0,7617794.0,0,0,0,0,0,1996-01-01
Serbia,0.096,7516346.0,0,0,0,0,0,2000-01-01
Serbia,0.108,7463157.0,0,0,0,0,85,2004-01-01
Serbia,0.113,7350222.0,0,1,2,3,87,2008-01-01
Serbia,0.099,7199077.0,1,1,2,4,115,2012-01-01
Serbia,0.096,7058322.0,2,4,2,8,104,2016-01-01
Serbia,0.099,6899126.0,3,1,5,9,86,2020-01-01
Seychelles,0.002,63261.0,0,0,0,0,11,1980-01-01
Seychelles,0.002,64717.0,0,0,0,0,9,1984-01-01
Seychelles,0.002,68755.0,0,0,0,0,0,1988-01-01
Seychelles,0.002,70763.0,0,0,0,0,11,1992-01-01
Seychelles,0.002,76417.0,0,0,0,0,9,1996-01-01
Seychelles,0.002,81131.0,0,0,0,0,9,2000-01-01
Seychelles,0.002,82475.0,0,0,0,0,9,2004-01-01
Seychelles,0.002,86956.0,0,0,0,0,9,2008-01-01
Seychelles,0.002,88303.0,0,0,0,0,6,2012-01-01
Seychelles,0.002,94677.0,0,0,0,0,10,2016-01-01
Seychelles,0.002,98462.0,0,0,0,0,5,2020-01-01
Sierra Leone,0.021,3367477.0,0,0,0,0,14,1980-01-01
Sierra Leone,0.02,3666262.0,0,0,0,0,7,1984-01-01
Sierra Leone,0.016,4056215.0,0,0,0,0,12,1988-01-01
Sierra Leone,0.012,4301566.0,0,0,0,0,11,1992-01-01
Sierra Leone,0.007,4347370.0,0,0,0,0,14,1996-01-01
Sierra Leone,0.005,4584067.0,0,0,0,0,3,2000-01-01
Sierra Leone,0.007,5533329.0,0,0,0,0,2,2004-01-01
Sierra Leone,0.008,6090860.0,0,0,0,0,3,2008-01-01
Sierra Leone,0.009,6788587.0,0,0,0,0,2,2012-01-01
Sierra Leone,0.011,7493913.0,0,0,0,0,4,2016-01-01
Sierra Leone,0.01,8233970.0,0,0,0,0,4,2020-01-01
Singapore,0.171,2413945.0,0,0,0,0,0,1980-01-01
Singapore,0.218,2732221.0,0,0,0,0,5,1984-01-01
Singapore,0.233,2846108.0,0,0,0,0,8,1988-01-01
Singapore,0.261,3230698.0,0,0,0,0,14,1992-01-01
Singapore,0.33,3670704.0,0,0,0,0,14,1996-01-01
Singapore,0.347,4027887.0,0,0,0,0,14,2000-01-01
Singapore,0.356,4166664.0,0,0,0,0,16,2004-01-01
Singapore,0.387,4839396.0,0,1,0,1,25,2008-01-01
Singapore,0.432,5312437.0,0,0,2,2,23,2012-01-01
Singapore,0.431,5607283.0,1,0,0,1,25,2016-01-01
Singapore,0.426,5685807.0,0,0,0,0,23,2020-01-01
Slovenia,0.0,1901315.0,0,0,0,0,0,1980-01-01
Slovenia,0.0,1932154.0,0,0,0,0,0,1984-01-01
Slovenia,0.0,1995196.0,0,0,0,0,0,1988-01-01
Slovenia,0.067,1996498.0,0,0,2,2,35,1992-01-01
Slovenia,0.069,1988628.0,0,2,0,2,37,1996-01-01
Slovenia,0.07,1988925.0,2,0,0,2,74,2000-01-01
Slovenia,0.07,1997012.0,0,1,3,4,79,2004-01-01
Slovenia,0.071,2021316.0,1,2,2,5,61,2008-01-01
Slovenia,0.059,2057159.0,1,1,2,4,65,2012-01-01
Slovenia,0.06,2065042.0,1,2,1,4,61,2016-01-01
Slovenia,0.062,2102419.0,3,1,1,5,53,2020-01-01
Solomon Islands,0.002,233668.0,0,0,0,0,0,1980-01-01
Solomon Islands,0.002,267913.0,0,0,0,0,3,1984-01-01
Solomon Islands,0.001,305132.0,0,0,0,0,4,1988-01-01
Solomon Islands,0.001,343916.0,0,0,0,0,1,1992-01-01
Solomon Islands,0.002,386069.0,0,0,0,0,4,1996-01-01
Solomon Islands,0.001,429978.0,0,0,0,0,2,2000-01-01
Solomon Islands,0.001,471785.0,0,0,0,0,2,2004-01-01
Solomon Islands,0.001,516001.0,0,0,0,0,3,2008-01-01
Solomon Islands,0.001,567763.0,0,0,0,0,4,2012-01-01
Solomon Islands,0.001,628102.0,0,0,0,0,3,2016-01-01
Solomon Islands,0.001,691191.0,0,0,0,0,3,2020-01-01
Somalia,0.0,5892224.0,0,0,0,0,0,1980-01-01
Somalia,0.0,6369020.0,0,0,0,0,7,1984-01-01
Somalia,0.0,7160461.0,0,0,0,0,5,1988-01-01
Somalia,0.0,6428141.0,0,0,0,0,0,1992-01-01
Somalia,0.0,7472450.0,0,0,0,0,4,1996-01-01
Somalia,0.0,8721465.0,0,0,0,0,2,2000-01-01
Somalia,0.0,10117354.0,0,0,0,0,2,2004-01-01
Somalia,0.0,11444870.0,0,0,0,0,2,2008-01-01
Somalia,0.014,12440326.0,0,0,0,0,2,2012-01-01
Somalia,0.018,14292847.0,0,0,0,0,2,2016-01-01
Somalia,0.019,16537016.0,0,0,0,0,2,2020-01-01
South Africa,1.108,29463549.0,0,0,0,0,0,1980-01-01
South Africa,1.094,32768207.0,0,0,0,0,0,1984-01-01
South Africa,0.989,37393853.0,0,0,0,0,0,1988-01-01
South Africa,0.797,41760755.0,0,2,0,2,93,1992-01-01
South Africa,0.792,44661603.0,3,1,1,5,84,1996-01-01
South Africa,0.752,46813266.0,0,2,3,5,127,2000-01-01
South Africa,0.747,48556071.0,1,3,2,6,106,2004-01-01
South Africa,0.756,50565812.0,0,1,0,1,134,2008-01-01
South Africa,0.692,53145033.0,4,1,1,6,125,2012-01-01
South Africa,0.663,56422274.0,2,6,2,10,137,2016-01-01
South Africa,0.597,58801927.0,1,2,0,3,177,2020-01-01
South Sudan,0.0,4192012.0,0,0,0,0,0,1980-01-01
South Sudan,0.0,4603039.0,0,0,0,0,0,1984-01-01
South Sudan,0.0,4814879.0,0,0,0,0,0,1988-01-01
South Sudan,0.0,4956969.0,0,0,0,0,0,1992-01-01
South Sudan,0.0,5434894.0,0,0,0,0,0,1996-01-01
South Sudan,0.0,6114440.0,0,0,0,0,0,2000-01-01
South Sudan,0.0,7317118.0,0,0,0,0,0,2004-01-01
South Sudan,0.0,8823888.0,0,0,0,0,0,2008-01-01
South Sudan,0.014,10701604.0,0,0,0,0,0,2012-01-01
South Sudan,0.009,11066105.0,0,0,0,0,3,2016-01-01
South Sudan,0.004,10606227.0,0,0,0,0,2,2020-01-01
Spain,2.195,37491165.0,1,3,2,6,155,1980-01-01
Spain,2.087,38330364.0,1,2,2,5,179,1984-01-01
Spain,2.116,38766939.0,1,1,2,4,229,1988-01-01
Spain,1.943,39157685.0,13,7,2,22,422,1992-01-01
Spain,1.852,39889852.0,5,6,6,17,289,1996-01-01
Spain,1.907,40567864.0,3,3,5,11,321,2000-01-01
Spain,1.874,42921895.0,3,11,6,20,316,2004-01-01
Spain,1.77,45954106.0,5,11,3,19,283,2008-01-01
Spain,1.47,46773055.0,4,10,6,20,278,2012-01-01
Spain,1.488,46484062.0,7,4,6,17,306,2016-01-01
Spain,1.348,47365655.0,3,8,6,17,321,2020-01-01
Sri Lanka,0.126,14943645.0,0,0,0,0,4,1980-01-01
Sri Lanka,0.141,15872577.0,0,0,0,0,4,1984-01-01
Sri Lanka,0.138,16773736.0,0,0,0,0,6,1988-01-01
Sri Lanka,0.131,17624457.0,0,0,0,0,11,1992-01-01
Sri Lanka,0.16,18322506.0,0,0,0,0,9,1996-01-01
Sri Lanka,0.167,18776371.0,0,1,0,1,18,2000-01-01
Sri Lanka,0.164,19490431.0,0,0,0,0,7,2004-01-01
Sri Lanka,0.178,20285643.0,0,0,0,0,8,2008-01-01
Sri Lanka,0.215,21017147.0,0,0,0,0,7,2012-01-01
Sri Lanka,0.238,21425494.0,0,0,0,0,9,2016-01-01
Sri Lanka,0.224,21919000.0,0,0,0,0,9,2020-01-01
Sudan,0.15,16673586.0,0,0,0,0,0,1980-01-01
Sudan,0.141,19165837.0,0,0,0,0,7,1984-01-01
Sudan,0.147,20453819.0,0,0,0,0,8,1988-01-01
Sudan,0.139,21780059.0,0,0,0,0,6,1992-01-01
Sudan,0.15,23862258.0,0,0,0,0,4,1996-01-01
Sudan,0.168,26298773.0,0,0,0,0,3,2000-01-01
Sudan,0.191,28831550.0,0,0,0,0,4,2004-01-01
Sudan,0.197,32065241.0,0,1,0,1,9,2008-01-01
Sudan,0.136,35159792.0,0,0,0,0,6,2012-01-01
Sudan,0.189,39377169.0,0,0,0,0,6,2016-01-01
Sudan,0.139,44440486.0,0,0,0,0,5,2020-01-01
Suriname,0.016,375112.0,0,0,0,0,0,1980-01-01
Suriname,0.013,382617.0,0,0,0,0,5,1984-01-01
Suriname,0.011,402139.0,1,0,0,1,6,1988-01-01
Suriname,0.008,419521.0,0,0,1,1,0,1992-01-01
Suriname,0.008,443834.0,0,0,0,0,7,1996-01-01
Suriname,0.008,478998.0,0,0,0,0,4,2000-01-01
Suriname,0.008,510572.0,0,0,0,0,4,2004-01-01
Suriname,0.008,533938.0,0,0,0,0,4,2008-01-01
Suriname,0.009,558111.0,0,0,0,0,5,2012-01-01
Suriname,0.007,581453.0,0,0,0,0,6,2016-01-01
Suriname,0.007,607065.0,0,0,0,0,3,2020-01-01
Sweden,0.653,8310531.0,3,3,6,12,145,1980-01-01
Sweden,0.673,8336605.0,2,11,6,19,174,1984-01-01
Sweden,0.645,8436489.0,0,4,7,11,184,1988-01-01
Sweden,0.533,8668067.0,1,7,4,12,187,1992-01-01
Sweden,0.508,8840998.0,2,4,2,8,177,1996-01-01
Sweden,0.514,8872109.0,4,5,3,12,150,2000-01-01
Sweden,0.493,8993531.0,4,2,1,7,115,2004-01-01
Sweden,0.458,9219637.0,0,4,1,5,123,2008-01-01
Sweden,0.429,9519374.0,1,4,3,8,134,2012-01-01
Sweden,0.43,9923085.0,2,6,3,11,152,2016-01-01
Sweden,0.425,10353442.0,3,6,0,9,134,2020-01-01
Switzerland,0.851,6319408.0,2,0,0,2,73,1980-01-01
Switzerland,0.807,6441865.0,0,4,4,8,129,1984-01-01
Switzerland,0.768,6593386.0,0,2,2,4,99,1988-01-01
Switzerland,0.671,6875364.0,1,0,0,1,102,1992-01-01
Switzerland,0.606,7071850.0,4,3,0,7,115,1996-01-01
Switzerland,0.582,7184250.0,1,6,2,9,102,2000-01-01
Switzerland,0.525,7389625.0,1,1,3,5,98,2004-01-01
Switzerland,0.503,7647675.0,2,1,4,7,83,2008-01-01
Switzerland,0.471,7996861.0,2,2,0,4,102,2012-01-01
Switzerland,0.484,8373338.0,3,2,2,7,104,2016-01-01
Switzerland,0.465,8638167.0,3,4,6,13,107,2020-01-01
Tajikistan,0.0,4045965.0,0,0,0,0,0,1980-01-01
Tajikistan,0.0,4529501.0,0,0,0,0,0,1984-01-01
Tajikistan,0.0,5100020.0,0,0,0,0,0,1988-01-01
Tajikistan,0.024,5656208.0,0,0,0,0,0,1992-01-01
Tajikistan,0.013,6035600.0,0,0,0,0,8,1996-01-01
Tajikistan,0.013,6272998.0,0,0,0,0,4,2000-01-01
Tajikistan,0.017,6801204.0,0,0,0,0,9,2004-01-01
Tajikistan,0.018,7324627.0,0,1,1,2,15,2008-01-01
Tajikistan,0.021,7956382.0,0,0,1,1,16,2012-01-01
Tajikistan,0.023,8725318.0,1,0,0,1,7,2016-01-01
Tajikistan,0.027,9543207.0,0,0,0,0,11,2020-01-01
Tanzania,0.078,19297659.0,0,0,0,0,41,1980-01-01
Tanzania,0.076,21857176.0,0,0,0,0,18,1984-01-01
Tanzania,0.081,24844147.0,0,0,0,0,10,1988-01-01
Tanzania,0.075,27580723.0,0,0,0,0,9,1992-01-01
Tanzania,0.074,31140733.0,0,0,0,0,7,1996-01-01
Tanzania,0.075,34463704.0,0,0,0,0,4,2000-01-01
Tanzania,0.085,38360879.0,0,0,0,0,8,2004-01-01
Tanzania,0.092,42870884.0,0,0,0,0,9,2008-01-01
Tanzania,0.095,47786137.0,0,0,0,0,7,2012-01-01
Tanzania,0.11,54401802.0,0,0,0,0,7,2016-01-01
Tanzania,0.127,61704518.0,0,0,0,0,3,2020-01-01
Thailand,0.557,45737753.0,0,0,0,0,0,1980-01-01
Thailand,0.633,49636724.0,0,1,0,1,35,1984-01-01
Thailand,0.746,53410965.0,0,0,1,1,14,1988-01-01
Thailand,0.901,56939020.0,0,0,1,1,46,1992-01-01
Thailand,1.069,60211096.0,1,0,1,2,37,1996-01-01
Thailand,0.904,63066603.0,1,0,2,3,52,2000-01-01
Thailand,0.98,65311166.0,3,1,4,8,42,2004-01-01
Thailand,0.963,67328239.0,2,2,2,6,47,2008-01-01
Thailand,1.0,69157023.0,0,2,2,4,37,2012-01-01
Thailand,0.984,70607037.0,2,2,2,6,54,2016-01-01
Thailand,0.951,71475664.0,1,0,1,2,42,2020-01-01
Togo,0.021,2838110.0,0,0,0,0,0,1980-01-01
Togo,0.018,3232244.0,0,0,0,0,6,1984-01-01
Togo,0.017,3653420.0,0,0,0,0,6,1988-01-01
Togo,0.015,4106219.0,0,0,0,0,6,1992-01-01
Togo,0.015,4445883.0,0,0,0,0,5,1996-01-01
Togo,0.013,5008035.0,0,0,0,0,3,2000-01-01
Togo,0.012,5565218.0,0,0,0,0,3,2004-01-01
Togo,0.011,6222482.0,0,0,1,1,4,2008-01-01
Togo,0.012,6926635.0,0,0,0,0,6,2012-01-01
Togo,0.013,7661354.0,0,0,0,0,5,2016-01-01
Togo,0.014,8442580.0,0,0,0,0,4,2020-01-01
Trinidad and Tobago,0.056,1127852.0,0,0,0,0,9,1980-01-01
Trinidad and Tobago,0.047,1184747.0,0,0,0,0,16,1984-01-01
Trinidad and Tobago,0.035,1244633.0,0,0,0,0,6,1988-01-01
Trinidad and Tobago,0.032,1285502.0,0,0,0,0,7,1992-01-01
Trinidad and Tobago,0.033,1313434.0,0,0,2,2,12,1996-01-01
Trinidad and Tobago,0.038,1332203.0,0,1,1,2,19,2000-01-01
Trinidad and Tobago,0.044,1361172.0,0,0,1,1,19,2004-01-01
Trinidad and Tobago,0.048,1392803.0,1,1,0,2,28,2008-01-01
Trinidad and Tobago,0.043,1430377.0,1,1,2,4,30,2012-01-01
Trinidad and Tobago,0.033,1469330.0,0,0,1,1,32,2016-01-01
Trinidad and Tobago,0.028,1518147.0,0,0,0,0,22,2020-01-01
Tunisia,0.108,6578156.0,0,0,0,0,0,1980-01-01
Tunisia,0.114,7279157.0,0,0,0,0,23,1984-01-01
Tunisia,0.109,8068788.0,0,0,0,0,41,1988-01-01
Tunisia,0.11,8802540.0,0,0,0,0,13,1992-01-01
Tunisia,0.113,9430550.0,0,0,1,1,51,1996-01-01
Tunisia,0.12,9893316.0,0,0,0,0,47,2000-01-01
Tunisia,0.122,10292225.0,0,0,0,0,54,2004-01-01
Tunisia,0.124,10680380.0,1,0,0,1,26,2008-01-01
Tunisia,0.115,11174383.0,2,0,1,3,83,2012-01-01
Tunisia,0.107,11685667.0,0,0,3,3,61,2016-01-01
Tunisia,0.097,12161723.0,1,1,0,2,62,2020-01-01
Turkmenistan,0.0,2862903.0,0,0,0,0,0,1980-01-01
Turkmenistan,0.0,3162165.0,0,0,0,0,0,1984-01-01
Turkmenistan,0.0,3525110.0,0,0,0,0,0,1988-01-01
Turkmenistan,0.052,3926369.0,0,0,0,0,0,1992-01-01
Turkmenistan,0.03,4301093.0,0,0,0,0,7,1996-01-01
Turkmenistan,0.033,4569132.0,0,0,0,0,8,2000-01-01
Turkmenistan,0.054,4819792.0,0,0,0,0,9,2004-01-01
Turkmenistan,0.073,5100083.0,0,0,0,0,10,2008-01-01
Turkmenistan,0.09,5458682.0,0,0,0,0,10,2012-01-01
Turkmenistan,0.08,5868561.0,0,0,0,0,9,2016-01-01
Turkmenistan,0.075,6250438.0,0,1,0,1,9,2020-01-01
Uganda,0.044,13284026.0,0,1,0,1,13,1980-01-01
Uganda,0.046,14617944.0,0,0,0,0,26,1984-01-01
Uganda,0.044,16489323.0,0,0,0,0,24,1988-01-01
Uganda,0.043,18801966.0,0,0,0,0,8,1992-01-01
Uganda,0.051,21249572.0,0,0,1,1,10,1996-01-01
Uganda,0.055,24020697.0,0,0,0,0,13,2000-01-01
Uganda,0.063,27146084.0,0,0,0,0,11,2004-01-01
Uganda,0.074,30509862.0,0,0,0,0,11,2008-01-01
Uganda,0.077,34273295.0,1,0,0,1,16,2012-01-01
Uganda,0.073,38748299.0,0,0,0,0,21,2016-01-01
Uganda,0.08,44404611.0,2,1,1,4,25,2020-01-01
Ukraine,0.0,49973920.0,0,0,0,0,0,1980-01-01
Ukraine,0.0,50754000.0,0,0,0,0,0,1984-01-01
Ukraine,0.0,51521000.0,0,0,0,0,0,1988-01-01
Ukraine,0.991,52150400.0,0,0,0,0,0,1992-01-01
Ukraine,0.458,51057800.0,9,2,12,23,231,1996-01-01
Ukraine,0.397,49176500.0,3,10,10,23,230,2000-01-01
Ukraine,0.483,47451626.0,8,5,9,22,239,2004-01-01
Ukraine,0.496,46258189.0,7,4,11,22,243,2008-01-01
Ukraine,0.422,45593342.0,5,4,10,19,237,2012-01-01
Ukraine,0.408,45038236.0,2,5,4,11,203,2016-01-01
Ukraine,0.409,44207754.0,1,6,12,19,155,2020-01-01
United Arab Emirates,0.666,1014048.0,0,0,0,0,0,1980-01-01
United Arab Emirates,0.603,1308331.0,0,0,0,0,7,1984-01-01
United Arab Emirates,0.418,1683681.0,0,0,0,0,12,1988-01-01
United Arab Emirates,0.514,2116231.0,0,0,0,0,13,1992-01-01
United Arab Emirates,0.55,2572735.0,0,0,0,0,4,1996-01-01
United Arab Emirates,0.606,3275333.0,0,0,0,0,4,2000-01-01
United Arab Emirates,0.65,3993339.0,1,0,0,1,4,2004-01-01
United Arab Emirates,0.668,6988685.0,0,0,0,0,8,2008-01-01
United Arab Emirates,0.643,8664969.0,0,0,0,0,26,2012-01-01
United Arab Emirates,0.532,8994263.0,0,0,1,1,13,2016-01-01
United Arab Emirates,0.496,9287289.0,0,0,0,0,5,2020-01-01
United States,21.305,227225000.0,0,0,0,0,0,1980-01-01
United States,21.946,235825000.0,83,61,30,174,522,1984-01-01
United States,21.926,244499000.0,36,31,27,94,527,1988-01-01
United States,19.512,256514000.0,37,34,37,108,545,1992-01-01
United States,19.663,269394000.0,44,32,25,101,646,1996-01-01
United States,20.18,282162411.0,37,24,32,93,586,2000-01-01
United States,19.17,292805298.0,36,39,26,101,533,2004-01-01
United States,17.438,304093966.0,36,39,37,112,588,2008-01-01
United States,16.105,313877662.0,48,26,30,104,530,2012-01-01
United States,16.142,323071755.0,46,37,38,121,554,2016-01-01
United States,15.957,331526933.0,39,41,33,113,615,2020-01-01
Uruguay,0.111,2953750.0,0,0,0,0,0,1980-01-01
Uruguay,0.086,3008255.0,0,0,0,0,18,1984-01-01
Uruguay,0.085,3077760.0,0,0,0,0,15,1988-01-01
Uruguay,0.079,3153732.0,0,0,0,0,16,1992-01-01
Uruguay,0.08,3226633.0,0,0,0,0,14,1996-01-01
Uruguay,0.073,3292224.0,0,1,0,1,15,2000-01-01
Uruguay,0.059,3313801.0,0,0,0,0,15,2004-01-01
Uruguay,0.064,3336126.0,0,0,0,0,12,2008-01-01
Uruguay,0.066,3371133.0,0,0,0,0,29,2012-01-01
Uruguay,0.066,3413766.0,0,0,0,0,17,2016-01-01
Uruguay,0.059,3429086.0,0,0,0,0,11,2020-01-01
Uzbekistan,0.0,15947129.0,0,0,0,0,0,1980-01-01
Uzbekistan,0.0,17594364.0,0,0,0,0,0,1984-01-01
Uzbekistan,0.0,19600028.0,0,0,0,0,0,1988-01-01
Uzbekistan,0.153,21449000.0,0,0,0,0,0,1992-01-01
Uzbekistan,0.126,23225000.0,0,1,1,2,71,1996-01-01
Uzbekistan,0.129,24650400.0,1,1,2,4,70,2000-01-01
Uzbekistan,0.136,25864350.0,2,1,2,5,69,2004-01-01
Uzbekistan,0.156,27302800.0,0,1,3,4,56,2008-01-01
Uzbekistan,0.179,29774500.0,0,0,3,3,54,2012-01-01
Uzbekistan,0.186,31847900.0,4,2,7,13,70,2016-01-01
Uzbekistan,0.2,34232050.0,3,0,2,5,65,2020-01-01
Vanuatu,0.001,118156.0,0,0,0,0,0,1980-01-01
Vanuatu,0.001,129873.0,0,0,0,0,0,1984-01-01
Vanuatu,0.001,143528.0,0,0,0,0,4,1988-01-01
Vanuatu,0.001,158577.0,0,0,0,0,6,1992-01-01
Vanuatu,0.001,174714.0,0,0,0,0,4,1996-01-01
Vanuatu,0.001,192074.0,0,0,0,0,3,2000-01-01
Vanuatu,0.001,212422.0,0,0,0,0,2,2004-01-01
Vanuatu,0.001,233952.0,0,0,0,0,3,2008-01-01
Vanuatu,0.001,257313.0,0,0,0,0,5,2012-01-01
Vanuatu,0.001,283218.0,0,0,0,0,4,2016-01-01
Vanuatu,0.001,311685.0,0,0,0,0,3,2020-01-01
Zambia,0.058,5720438.0,0,0,0,0,37,1980-01-01
Zambia,0.053,6488072.0,0,0,1,1,16,1984-01-01
Zambia,0.052,7294325.0,0,0,0,0,29,1988-01-01
Zambia,0.041,8074337.0,0,0,0,0,9,1992-01-01
Zambia,0.035,8902019.0,0,1,0,1,8,1996-01-01
Zambia,0.034,9891136.0,0,0,0,0,8,2000-01-01
Zambia,0.037,11188040.0,0,0,0,0,6,2004-01-01
Zambia,0.042,12852966.0,0,0,0,0,8,2008-01-01
Zambia,0.049,14744658.0,0,0,0,0,7,2012-01-01
Zambia,0.048,16767761.0,0,0,0,0,7,2016-01-01
Zambia,0.048,18927715.0,0,0,0,0,26,2020-01-01
Zimbabwe,0.0,7049926.0,1,0,0,1,42,1980-01-01
Zimbabwe,0.0,8398567.0,0,0,0,0,15,1984-01-01
Zimbabwe,0.0,9568739.0,0,0,0,0,29,1988-01-01
Zimbabwe,0.0,10641501.0,0,0,0,0,19,1992-01-01
Zimbabwe,0.0,11178171.0,0,0,0,0,13,1996-01-01
Zimbabwe,0.055,11834676.0,0,0,0,0,16,2000-01-01
Zimbabwe,0.035,12160881.0,1,1,1,3,12,2004-01-01
Zimbabwe,0.021,12550347.0,1,3,0,4,13,2008-01-01
Zimbabwe,0.031,13265331.0,0,0,0,0,7,2012-01-01
Zimbabwe,0.033,14452704.0,0,0,0,0,31,2016-01-01
Zimbabwe,0.025,15669666.0,0,0,0,0,5,2020-01-01
